[{"model": "auth.user", "pk": 1, "fields": {"password": "!DhH2hh13sushgoKtyuWGTdevPhLw968lrMmmoqIf", "last_login": "2018-09-02T23:33:18.609Z", "is_superuser": false, "username": "oxana111333555", "first_name": "\u041e\u043a\u0441\u0430\u043d\u0430", "last_name": "\u0421\u0430\u0432\u0438\u0446\u044c\u043a\u0430", "email": "oxana111333555@gmail.com", "is_staff": false, "is_active": true, "date_joined": "2018-08-30T08:08:02.645Z", "groups": [], "user_permissions": []}}, {"model": "auth.user", "pk": 2, "fields": {"password": "pbkdf2_sha256$100000$KLvksD1ewbq6$Mu67QmYm0AFJUPBiXNCqCeObD83FHv3lxEYOAPSY+J4=", "last_login": "2018-09-03T00:19:16.447Z", "is_superuser": true, "username": "oksana", "first_name": "", "last_name": "", "email": "", "is_staff": true, "is_active": true, "date_joined": "2018-08-30T08:10:55.009Z", "groups": [], "user_permissions": []}}, {"model": "auth.user", "pk": 3, "fields": {"password": "pbkdf2_sha256$100000$ah5iy8Hdn7Kb$bK35vl6oX//jdZBtHAXDku/gbeKjBkXATL0kwmUD/m4=", "last_login": null, "is_superuser": true, "username": "oksana1", "first_name": "", "last_name": "", "email": "", "is_staff": true, "is_active": true, "date_joined": "2018-09-02T18:18:55.501Z", "groups": [], "user_permissions": []}}, {"model": "auth.user", "pk": 4, "fields": {"password": "pbkdf2_sha256$100000$YSTiDHXadgtf$ZAe5Q6l9x/gAZMOCkoQ7M/gW3Gyjdy8LxiSQ6CdcmYo=", "last_login": "2018-09-02T18:21:12.855Z", "is_superuser": true, "username": "oks", "first_name": "", "last_name": "", "email": "", "is_staff": true, "is_active": true, "date_joined": "2018-09-02T18:20:30.815Z", "groups": [], "user_permissions": []}}, {"model": "sessions.session", "pk": "0ou5n6ehgfm9wqfay5402eqjd9s468nl", "fields": {"session_data": "ZjA5NmQ1ZTYwMTZhNzEyZjg2MzhjYTU4ODk4NGJjZmIxYWM1NDMwMDp7Il9hdXRoX3VzZXJfaWQiOiI0IiwiX2F1dGhfdXNlcl9iYWNrZW5kIjoiZGphbmdvLmNvbnRyaWIuYXV0aC5iYWNrZW5kcy5Nb2RlbEJhY2tlbmQiLCJfYXV0aF91c2VyX2hhc2giOiI5NTY3ZmNkMjljOTM0ZmMyNDAyZDczYTZkNGVjYzdiOWQyNzY5MjczIn0=", "expire_date": "2018-09-16T18:21:12.858Z"}}, {"model": "sessions.session", "pk": "99g6k4mnqq3koz4jf8fp0ci3pjt565z1", "fields": {"session_data": "OTkwMmQ1OTQ5MDVkMWQyNmY5ODA5NWQ3ODVhMTBhNmY2ZjZlOGY2MTp7Imdvb2dsZS1vYXV0aDJfc3RhdGUiOiJDbHRnc2lDeWNyVTF5YXZISTJ3N0ZCWXNkYlBLMWJpViIsIl9hdXRoX3VzZXJfaWQiOiIxIiwiX2F1dGhfdXNlcl9iYWNrZW5kIjoic29jaWFsX2NvcmUuYmFja2VuZHMuZ29vZ2xlLkdvb2dsZU9BdXRoMiIsIl9hdXRoX3VzZXJfaGFzaCI6IjgyNjFkZDMxNmEyMmJmMTY3ZmIwZDdmODFkNjA4YTMxMjQ2ODFkN2MiLCJzb2NpYWxfYXV0aF9sYXN0X2xvZ2luX2JhY2tlbmQiOiJnb29nbGUtb2F1dGgyIn0=", "expire_date": "2018-09-16T11:37:01.097Z"}}, {"model": "sessions.session", "pk": "lquw7pzpgdhf8nmy0cno8apdqp60fiav", "fields": {"session_data": "OTkwMmQ1OTQ5MDVkMWQyNmY5ODA5NWQ3ODVhMTBhNmY2ZjZlOGY2MTp7Imdvb2dsZS1vYXV0aDJfc3RhdGUiOiJDbHRnc2lDeWNyVTF5YXZISTJ3N0ZCWXNkYlBLMWJpViIsIl9hdXRoX3VzZXJfaWQiOiIxIiwiX2F1dGhfdXNlcl9iYWNrZW5kIjoic29jaWFsX2NvcmUuYmFja2VuZHMuZ29vZ2xlLkdvb2dsZU9BdXRoMiIsIl9hdXRoX3VzZXJfaGFzaCI6IjgyNjFkZDMxNmEyMmJmMTY3ZmIwZDdmODFkNjA4YTMxMjQ2ODFkN2MiLCJzb2NpYWxfYXV0aF9sYXN0X2xvZ2luX2JhY2tlbmQiOiJnb29nbGUtb2F1dGgyIn0=", "expire_date": "2018-09-16T11:36:58.379Z"}}, {"model": "sessions.session", "pk": "m0sq2zc7ox4f4m0qco2ckq93b4gegjil", "fields": {"session_data": "NWVmMGIzOTM2YjdjOTg0MDBkYWU4ZTBhNGU0ODIzYjI0Nzk2OWQ1ZDp7Il9hdXRoX3VzZXJfaWQiOiIyIiwiX2F1dGhfdXNlcl9iYWNrZW5kIjoiZGphbmdvLmNvbnRyaWIuYXV0aC5iYWNrZW5kcy5Nb2RlbEJhY2tlbmQiLCJfYXV0aF91c2VyX2hhc2giOiI5ZDBjNjQ2MDZlZWRjODkxNWQxMGFhZTA0YmI4Y2ZiZDQ5NTk1MTE1In0=", "expire_date": "2018-09-17T00:19:16.451Z"}}, {"model": "sites.site", "pk": 1, "fields": {"domain": "example.com", "name": "example.com"}}, {"model": "notifications.notification", "pk": 1, "fields": {"level": "info", "recipient": 2, "unread": false, "actor_content_type": 4, "actor_object_id": "2", "verb": "you loaded the page", "description": null, "target_content_type": null, "target_object_id": null, "action_object_content_type": null, "action_object_object_id": null, "timestamp": "2018-09-01T15:02:27.862Z", "public": true, "deleted": false, "emailed": false, "data": null}}, {"model": "notifications.notification", "pk": 2, "fields": {"level": "info", "recipient": 2, "unread": false, "actor_content_type": 4, "actor_object_id": "2", "verb": "you loaded the page", "description": null, "target_content_type": null, "target_object_id": null, "action_object_content_type": null, "action_object_object_id": null, "timestamp": "2018-09-01T15:05:28.479Z", "public": true, "deleted": false, "emailed": false, "data": null}}, {"model": "notifications.notification", "pk": 3, "fields": {"level": "info", "recipient": 2, "unread": false, "actor_content_type": 4, "actor_object_id": "2", "verb": "you loaded the page", "description": null, "target_content_type": null, "target_object_id": null, "action_object_content_type": null, "action_object_object_id": null, "timestamp": "2018-09-01T15:14:18.532Z", "public": true, "deleted": false, "emailed": false, "data": null}}, {"model": "notifications.notification", "pk": 4, "fields": {"level": "info", "recipient": 2, "unread": false, "actor_content_type": 4, "actor_object_id": "2", "verb": "you loaded the page", "description": null, "target_content_type": null, "target_object_id": null, "action_object_content_type": null, "action_object_object_id": null, "timestamp": "2018-09-01T15:14:18.620Z", "public": true, "deleted": false, "emailed": false, "data": null}}, {"model": "notifications.notification", "pk": 5, "fields": {"level": "info", "recipient": 2, "unread": false, "actor_content_type": 4, "actor_object_id": "2", "verb": "you loaded the page", "description": null, "target_content_type": null, "target_object_id": null, "action_object_content_type": null, "action_object_object_id": null, "timestamp": "2018-09-01T15:16:16.671Z", "public": true, "deleted": false, "emailed": false, "data": null}}, {"model": "notifications.notification", "pk": 6, "fields": {"level": "info", "recipient": 2, "unread": false, "actor_content_type": 4, "actor_object_id": "2", "verb": "you loaded the page", "description": null, "target_content_type": null, "target_object_id": null, "action_object_content_type": null, "action_object_object_id": null, "timestamp": "2018-09-01T15:16:26.726Z", "public": true, "deleted": false, "emailed": false, "data": null}}, {"model": "notifications.notification", "pk": 7, "fields": {"level": "info", "recipient": 2, "unread": false, "actor_content_type": 4, "actor_object_id": "2", "verb": "you loaded the page", "description": null, "target_content_type": null, "target_object_id": null, "action_object_content_type": null, "action_object_object_id": null, "timestamp": "2018-09-01T15:17:59.100Z", "public": true, "deleted": false, "emailed": false, "data": null}}, {"model": "notifications.notification", "pk": 8, "fields": {"level": "info", "recipient": 2, "unread": false, "actor_content_type": 4, "actor_object_id": "2", "verb": "you loaded the page", "description": null, "target_content_type": null, "target_object_id": null, "action_object_content_type": null, "action_object_object_id": null, "timestamp": "2018-09-01T15:46:21.814Z", "public": true, "deleted": false, "emailed": false, "data": null}}, {"model": "notifications.notification", "pk": 9, "fields": {"level": "info", "recipient": 2, "unread": false, "actor_content_type": 4, "actor_object_id": "2", "verb": "you loaded the page", "description": null, "target_content_type": null, "target_object_id": null, "action_object_content_type": null, "action_object_object_id": null, "timestamp": "2018-09-01T15:49:26.082Z", "public": true, "deleted": false, "emailed": false, "data": null}}, {"model": "notifications.notification", "pk": 10, "fields": {"level": "info", "recipient": 2, "unread": false, "actor_content_type": 4, "actor_object_id": "2", "verb": "you loaded the page", "description": null, "target_content_type": null, "target_object_id": null, "action_object_content_type": null, "action_object_object_id": null, "timestamp": "2018-09-01T15:49:34.069Z", "public": true, "deleted": false, "emailed": false, "data": null}}, {"model": "notifications.notification", "pk": 11, "fields": {"level": "info", "recipient": 2, "unread": false, "actor_content_type": 4, "actor_object_id": "2", "verb": "you loaded the page", "description": null, "target_content_type": null, "target_object_id": null, "action_object_content_type": null, "action_object_object_id": null, "timestamp": "2018-09-01T15:51:27.514Z", "public": true, "deleted": false, "emailed": false, "data": null}}, {"model": "notifications.notification", "pk": 12, "fields": {"level": "info", "recipient": 2, "unread": false, "actor_content_type": 4, "actor_object_id": "2", "verb": "you loaded the page", "description": null, "target_content_type": null, "target_object_id": null, "action_object_content_type": null, "action_object_object_id": null, "timestamp": "2018-09-01T15:51:33.393Z", "public": true, "deleted": false, "emailed": false, "data": null}}, {"model": "notifications.notification", "pk": 13, "fields": {"level": "info", "recipient": 2, "unread": false, "actor_content_type": 4, "actor_object_id": "2", "verb": "you loaded the page", "description": null, "target_content_type": null, "target_object_id": null, "action_object_content_type": null, "action_object_object_id": null, "timestamp": "2018-09-01T15:52:34.494Z", "public": true, "deleted": false, "emailed": false, "data": null}}, {"model": "notifications.notification", "pk": 14, "fields": {"level": "info", "recipient": 2, "unread": false, "actor_content_type": 4, "actor_object_id": "2", "verb": "you loaded the page", "description": null, "target_content_type": null, "target_object_id": null, "action_object_content_type": null, "action_object_object_id": null, "timestamp": "2018-09-01T17:28:55.419Z", "public": true, "deleted": false, "emailed": false, "data": null}}, {"model": "notifications.notification", "pk": 15, "fields": {"level": "info", "recipient": 2, "unread": false, "actor_content_type": 4, "actor_object_id": "2", "verb": "you loaded the page", "description": null, "target_content_type": null, "target_object_id": null, "action_object_content_type": null, "action_object_object_id": null, "timestamp": "2018-09-01T17:29:34.992Z", "public": true, "deleted": false, "emailed": false, "data": null}}, {"model": "notifications.notification", "pk": 16, "fields": {"level": "info", "recipient": 2, "unread": false, "actor_content_type": 4, "actor_object_id": "2", "verb": "you loaded the page", "description": null, "target_content_type": null, "target_object_id": null, "action_object_content_type": null, "action_object_object_id": null, "timestamp": "2018-09-01T17:29:41.321Z", "public": true, "deleted": false, "emailed": false, "data": null}}, {"model": "notifications.notification", "pk": 17, "fields": {"level": "info", "recipient": 2, "unread": false, "actor_content_type": 4, "actor_object_id": "2", "verb": "you loaded the page", "description": null, "target_content_type": null, "target_object_id": null, "action_object_content_type": null, "action_object_object_id": null, "timestamp": "2018-09-01T17:34:11.700Z", "public": true, "deleted": false, "emailed": false, "data": null}}, {"model": "notifications.notification", "pk": 18, "fields": {"level": "info", "recipient": 2, "unread": false, "actor_content_type": 4, "actor_object_id": "2", "verb": "you loaded the page", "description": null, "target_content_type": null, "target_object_id": null, "action_object_content_type": null, "action_object_object_id": null, "timestamp": "2018-09-01T17:36:23.189Z", "public": true, "deleted": false, "emailed": false, "data": null}}, {"model": "notifications.notification", "pk": 19, "fields": {"level": "info", "recipient": 2, "unread": false, "actor_content_type": 4, "actor_object_id": "2", "verb": "you loaded the page", "description": null, "target_content_type": null, "target_object_id": null, "action_object_content_type": null, "action_object_object_id": null, "timestamp": "2018-09-01T17:55:20.193Z", "public": true, "deleted": false, "emailed": false, "data": null}}, {"model": "notifications.notification", "pk": 20, "fields": {"level": "info", "recipient": 2, "unread": false, "actor_content_type": 4, "actor_object_id": "2", "verb": "you loaded the page", "description": null, "target_content_type": null, "target_object_id": null, "action_object_content_type": null, "action_object_object_id": null, "timestamp": "2018-09-01T19:17:20.125Z", "public": true, "deleted": false, "emailed": false, "data": null}}, {"model": "notifications.notification", "pk": 21, "fields": {"level": "info", "recipient": 2, "unread": false, "actor_content_type": 4, "actor_object_id": "2", "verb": "you loaded the page", "description": null, "target_content_type": null, "target_object_id": null, "action_object_content_type": null, "action_object_object_id": null, "timestamp": "2018-09-01T19:20:56.439Z", "public": true, "deleted": false, "emailed": false, "data": null}}, {"model": "notifications.notification", "pk": 22, "fields": {"level": "info", "recipient": 2, "unread": false, "actor_content_type": 4, "actor_object_id": "2", "verb": "you loaded the page", "description": null, "target_content_type": null, "target_object_id": null, "action_object_content_type": null, "action_object_object_id": null, "timestamp": "2018-09-01T19:45:04.769Z", "public": true, "deleted": false, "emailed": false, "data": null}}, {"model": "notifications.notification", "pk": 23, "fields": {"level": "info", "recipient": 2, "unread": false, "actor_content_type": 4, "actor_object_id": "2", "verb": "you loaded the page", "description": null, "target_content_type": null, "target_object_id": null, "action_object_content_type": null, "action_object_object_id": null, "timestamp": "2018-09-01T19:47:18.427Z", "public": true, "deleted": false, "emailed": false, "data": null}}, {"model": "notifications.notification", "pk": 24, "fields": {"level": "info", "recipient": 2, "unread": false, "actor_content_type": 4, "actor_object_id": "2", "verb": "you loaded the page", "description": null, "target_content_type": null, "target_object_id": null, "action_object_content_type": null, "action_object_object_id": null, "timestamp": "2018-09-01T19:47:41.261Z", "public": true, "deleted": false, "emailed": false, "data": null}}, {"model": "notifications.notification", "pk": 25, "fields": {"level": "info", "recipient": 2, "unread": false, "actor_content_type": 4, "actor_object_id": "2", "verb": "you loaded the page", "description": null, "target_content_type": null, "target_object_id": null, "action_object_content_type": null, "action_object_object_id": null, "timestamp": "2018-09-01T19:47:55.696Z", "public": true, "deleted": false, "emailed": false, "data": null}}, {"model": "notifications.notification", "pk": 26, "fields": {"level": "info", "recipient": 2, "unread": false, "actor_content_type": 4, "actor_object_id": "2", "verb": "you loaded the page", "description": null, "target_content_type": null, "target_object_id": null, "action_object_content_type": null, "action_object_object_id": null, "timestamp": "2018-09-01T19:48:03.799Z", "public": true, "deleted": false, "emailed": false, "data": null}}, {"model": "notifications.notification", "pk": 27, "fields": {"level": "info", "recipient": 2, "unread": false, "actor_content_type": 4, "actor_object_id": "2", "verb": "you loaded the page", "description": null, "target_content_type": null, "target_object_id": null, "action_object_content_type": null, "action_object_object_id": null, "timestamp": "2018-09-02T07:50:10.070Z", "public": true, "deleted": false, "emailed": false, "data": null}}, {"model": "notifications.notification", "pk": 28, "fields": {"level": "info", "recipient": 2, "unread": false, "actor_content_type": 4, "actor_object_id": "2", "verb": "you loaded the page", "description": null, "target_content_type": null, "target_object_id": null, "action_object_content_type": null, "action_object_object_id": null, "timestamp": "2018-09-02T07:51:04.143Z", "public": true, "deleted": false, "emailed": false, "data": null}}, {"model": "notifications.notification", "pk": 29, "fields": {"level": "info", "recipient": 2, "unread": false, "actor_content_type": 4, "actor_object_id": "2", "verb": "you loaded the page", "description": null, "target_content_type": null, "target_object_id": null, "action_object_content_type": null, "action_object_object_id": null, "timestamp": "2018-09-02T07:51:14.741Z", "public": true, "deleted": false, "emailed": false, "data": null}}, {"model": "notifications.notification", "pk": 30, "fields": {"level": "info", "recipient": 2, "unread": false, "actor_content_type": 4, "actor_object_id": "2", "verb": "you loaded the page", "description": null, "target_content_type": null, "target_object_id": null, "action_object_content_type": null, "action_object_object_id": null, "timestamp": "2018-09-02T07:51:26.895Z", "public": true, "deleted": false, "emailed": false, "data": null}}, {"model": "notifications.notification", "pk": 31, "fields": {"level": "info", "recipient": 2, "unread": false, "actor_content_type": 4, "actor_object_id": "2", "verb": "you loaded the page", "description": null, "target_content_type": null, "target_object_id": null, "action_object_content_type": null, "action_object_object_id": null, "timestamp": "2018-09-02T08:15:38.868Z", "public": true, "deleted": false, "emailed": false, "data": null}}, {"model": "notifications.notification", "pk": 32, "fields": {"level": "info", "recipient": 2, "unread": false, "actor_content_type": 4, "actor_object_id": "2", "verb": "you loaded the page", "description": null, "target_content_type": null, "target_object_id": null, "action_object_content_type": null, "action_object_object_id": null, "timestamp": "2018-09-02T08:17:07.237Z", "public": true, "deleted": false, "emailed": false, "data": null}}, {"model": "notifications.notification", "pk": 33, "fields": {"level": "info", "recipient": 2, "unread": false, "actor_content_type": 4, "actor_object_id": "2", "verb": "you loaded the page", "description": null, "target_content_type": null, "target_object_id": null, "action_object_content_type": null, "action_object_object_id": null, "timestamp": "2018-09-02T08:17:32.592Z", "public": true, "deleted": false, "emailed": false, "data": null}}, {"model": "notifications.notification", "pk": 34, "fields": {"level": "info", "recipient": 2, "unread": false, "actor_content_type": 4, "actor_object_id": "2", "verb": "you loaded the page", "description": null, "target_content_type": null, "target_object_id": null, "action_object_content_type": null, "action_object_object_id": null, "timestamp": "2018-09-02T08:20:24.226Z", "public": true, "deleted": false, "emailed": false, "data": null}}, {"model": "notifications.notification", "pk": 35, "fields": {"level": "info", "recipient": 2, "unread": false, "actor_content_type": 4, "actor_object_id": "2", "verb": "you loaded the page", "description": null, "target_content_type": null, "target_object_id": null, "action_object_content_type": null, "action_object_object_id": null, "timestamp": "2018-09-02T08:22:15.160Z", "public": true, "deleted": false, "emailed": false, "data": null}}, {"model": "notifications.notification", "pk": 36, "fields": {"level": "info", "recipient": 2, "unread": false, "actor_content_type": 4, "actor_object_id": "2", "verb": "you loaded the page", "description": null, "target_content_type": null, "target_object_id": null, "action_object_content_type": null, "action_object_object_id": null, "timestamp": "2018-09-02T08:22:26.078Z", "public": true, "deleted": false, "emailed": false, "data": null}}, {"model": "notifications.notification", "pk": 37, "fields": {"level": "info", "recipient": 2, "unread": false, "actor_content_type": 4, "actor_object_id": "2", "verb": "you loaded the page", "description": null, "target_content_type": null, "target_object_id": null, "action_object_content_type": null, "action_object_object_id": null, "timestamp": "2018-09-02T08:26:00.222Z", "public": true, "deleted": false, "emailed": false, "data": null}}, {"model": "notifications.notification", "pk": 38, "fields": {"level": "info", "recipient": 2, "unread": false, "actor_content_type": 4, "actor_object_id": "2", "verb": "you loaded the page", "description": null, "target_content_type": null, "target_object_id": null, "action_object_content_type": null, "action_object_object_id": null, "timestamp": "2018-09-02T08:26:18.171Z", "public": true, "deleted": false, "emailed": false, "data": null}}, {"model": "notifications.notification", "pk": 39, "fields": {"level": "info", "recipient": 2, "unread": false, "actor_content_type": 4, "actor_object_id": "2", "verb": "you loaded the page", "description": null, "target_content_type": null, "target_object_id": null, "action_object_content_type": null, "action_object_object_id": null, "timestamp": "2018-09-02T08:26:24.896Z", "public": true, "deleted": false, "emailed": false, "data": null}}, {"model": "notifications.notification", "pk": 40, "fields": {"level": "info", "recipient": 2, "unread": false, "actor_content_type": 4, "actor_object_id": "2", "verb": "you loaded the page", "description": null, "target_content_type": null, "target_object_id": null, "action_object_content_type": null, "action_object_object_id": null, "timestamp": "2018-09-02T08:26:55.719Z", "public": true, "deleted": false, "emailed": false, "data": null}}, {"model": "notifications.notification", "pk": 41, "fields": {"level": "info", "recipient": 2, "unread": false, "actor_content_type": 4, "actor_object_id": "2", "verb": "you loaded the page", "description": null, "target_content_type": null, "target_object_id": null, "action_object_content_type": null, "action_object_object_id": null, "timestamp": "2018-09-02T08:27:09.411Z", "public": true, "deleted": false, "emailed": false, "data": null}}, {"model": "notifications.notification", "pk": 42, "fields": {"level": "info", "recipient": 2, "unread": false, "actor_content_type": 4, "actor_object_id": "2", "verb": "you loaded the page", "description": null, "target_content_type": null, "target_object_id": null, "action_object_content_type": null, "action_object_object_id": null, "timestamp": "2018-09-02T08:28:10.579Z", "public": true, "deleted": false, "emailed": false, "data": null}}, {"model": "notifications.notification", "pk": 43, "fields": {"level": "info", "recipient": 2, "unread": false, "actor_content_type": 4, "actor_object_id": "2", "verb": "you loaded the page", "description": null, "target_content_type": null, "target_object_id": null, "action_object_content_type": null, "action_object_object_id": null, "timestamp": "2018-09-02T08:29:13.289Z", "public": true, "deleted": false, "emailed": false, "data": null}}, {"model": "notifications.notification", "pk": 44, "fields": {"level": "info", "recipient": 2, "unread": false, "actor_content_type": 4, "actor_object_id": "2", "verb": "you loaded the page", "description": null, "target_content_type": null, "target_object_id": null, "action_object_content_type": null, "action_object_object_id": null, "timestamp": "2018-09-02T08:29:30.813Z", "public": true, "deleted": false, "emailed": false, "data": null}}, {"model": "notifications.notification", "pk": 45, "fields": {"level": "info", "recipient": 2, "unread": false, "actor_content_type": 4, "actor_object_id": "2", "verb": "you loaded the page", "description": null, "target_content_type": null, "target_object_id": null, "action_object_content_type": null, "action_object_object_id": null, "timestamp": "2018-09-02T08:29:33.471Z", "public": true, "deleted": false, "emailed": false, "data": null}}, {"model": "notifications.notification", "pk": 46, "fields": {"level": "info", "recipient": 2, "unread": false, "actor_content_type": 4, "actor_object_id": "2", "verb": "you loaded the page", "description": null, "target_content_type": null, "target_object_id": null, "action_object_content_type": null, "action_object_object_id": null, "timestamp": "2018-09-02T08:29:49.125Z", "public": true, "deleted": false, "emailed": false, "data": null}}, {"model": "notifications.notification", "pk": 47, "fields": {"level": "info", "recipient": 2, "unread": false, "actor_content_type": 4, "actor_object_id": "2", "verb": "you loaded the page", "description": null, "target_content_type": null, "target_object_id": null, "action_object_content_type": null, "action_object_object_id": null, "timestamp": "2018-09-02T08:30:38.774Z", "public": true, "deleted": false, "emailed": false, "data": null}}, {"model": "notifications.notification", "pk": 48, "fields": {"level": "info", "recipient": 2, "unread": false, "actor_content_type": 4, "actor_object_id": "2", "verb": "you loaded the page", "description": null, "target_content_type": null, "target_object_id": null, "action_object_content_type": null, "action_object_object_id": null, "timestamp": "2018-09-02T08:47:46.274Z", "public": true, "deleted": false, "emailed": false, "data": null}}, {"model": "notifications.notification", "pk": 49, "fields": {"level": "info", "recipient": 2, "unread": false, "actor_content_type": 4, "actor_object_id": "2", "verb": "you loaded the page", "description": null, "target_content_type": null, "target_object_id": null, "action_object_content_type": null, "action_object_object_id": null, "timestamp": "2018-09-02T08:50:09.272Z", "public": true, "deleted": false, "emailed": false, "data": null}}, {"model": "notifications.notification", "pk": 50, "fields": {"level": "info", "recipient": 2, "unread": false, "actor_content_type": 4, "actor_object_id": "2", "verb": "you loaded the page", "description": null, "target_content_type": null, "target_object_id": null, "action_object_content_type": null, "action_object_object_id": null, "timestamp": "2018-09-02T08:50:22.590Z", "public": true, "deleted": false, "emailed": false, "data": null}}, {"model": "notifications.notification", "pk": 51, "fields": {"level": "info", "recipient": 2, "unread": false, "actor_content_type": 4, "actor_object_id": "2", "verb": "you loaded the page", "description": null, "target_content_type": null, "target_object_id": null, "action_object_content_type": null, "action_object_object_id": null, "timestamp": "2018-09-02T08:54:17.937Z", "public": true, "deleted": false, "emailed": false, "data": null}}, {"model": "notifications.notification", "pk": 52, "fields": {"level": "info", "recipient": 2, "unread": false, "actor_content_type": 4, "actor_object_id": "2", "verb": "you loaded the page", "description": null, "target_content_type": null, "target_object_id": null, "action_object_content_type": null, "action_object_object_id": null, "timestamp": "2018-09-02T08:57:43.503Z", "public": true, "deleted": false, "emailed": false, "data": null}}, {"model": "notifications.notification", "pk": 53, "fields": {"level": "info", "recipient": 2, "unread": false, "actor_content_type": 4, "actor_object_id": "2", "verb": "you loaded the page", "description": null, "target_content_type": null, "target_object_id": null, "action_object_content_type": null, "action_object_object_id": null, "timestamp": "2018-09-02T08:58:41.856Z", "public": true, "deleted": false, "emailed": false, "data": null}}, {"model": "notifications.notification", "pk": 54, "fields": {"level": "info", "recipient": 2, "unread": false, "actor_content_type": 4, "actor_object_id": "2", "verb": "you loaded the page", "description": null, "target_content_type": null, "target_object_id": null, "action_object_content_type": null, "action_object_object_id": null, "timestamp": "2018-09-02T08:59:30.355Z", "public": true, "deleted": false, "emailed": false, "data": null}}, {"model": "notifications.notification", "pk": 55, "fields": {"level": "info", "recipient": 2, "unread": false, "actor_content_type": 4, "actor_object_id": "2", "verb": "you loaded the page", "description": null, "target_content_type": null, "target_object_id": null, "action_object_content_type": null, "action_object_object_id": null, "timestamp": "2018-09-02T08:59:54.164Z", "public": true, "deleted": false, "emailed": false, "data": null}}, {"model": "notifications.notification", "pk": 56, "fields": {"level": "info", "recipient": 2, "unread": false, "actor_content_type": 4, "actor_object_id": "2", "verb": "you loaded the page", "description": null, "target_content_type": null, "target_object_id": null, "action_object_content_type": null, "action_object_object_id": null, "timestamp": "2018-09-02T08:59:57.648Z", "public": true, "deleted": false, "emailed": false, "data": null}}, {"model": "notifications.notification", "pk": 57, "fields": {"level": "info", "recipient": 2, "unread": false, "actor_content_type": 4, "actor_object_id": "2", "verb": "you loaded the page", "description": null, "target_content_type": null, "target_object_id": null, "action_object_content_type": null, "action_object_object_id": null, "timestamp": "2018-09-02T09:00:07.341Z", "public": true, "deleted": false, "emailed": false, "data": null}}, {"model": "notifications.notification", "pk": 58, "fields": {"level": "info", "recipient": 2, "unread": false, "actor_content_type": 4, "actor_object_id": "2", "verb": "you loaded the page", "description": null, "target_content_type": null, "target_object_id": null, "action_object_content_type": null, "action_object_object_id": null, "timestamp": "2018-09-02T09:18:46.621Z", "public": true, "deleted": false, "emailed": false, "data": null}}, {"model": "notifications.notification", "pk": 59, "fields": {"level": "info", "recipient": 2, "unread": false, "actor_content_type": 4, "actor_object_id": "2", "verb": "you loaded the page", "description": null, "target_content_type": null, "target_object_id": null, "action_object_content_type": null, "action_object_object_id": null, "timestamp": "2018-09-02T09:18:59.436Z", "public": true, "deleted": false, "emailed": false, "data": null}}, {"model": "notifications.notification", "pk": 60, "fields": {"level": "info", "recipient": 2, "unread": false, "actor_content_type": 4, "actor_object_id": "2", "verb": "you loaded the page", "description": null, "target_content_type": null, "target_object_id": null, "action_object_content_type": null, "action_object_object_id": null, "timestamp": "2018-09-02T10:38:57.264Z", "public": true, "deleted": false, "emailed": false, "data": null}}, {"model": "notifications.notification", "pk": 61, "fields": {"level": "info", "recipient": 2, "unread": false, "actor_content_type": 4, "actor_object_id": "2", "verb": "you loaded the page", "description": null, "target_content_type": null, "target_object_id": null, "action_object_content_type": null, "action_object_object_id": null, "timestamp": "2018-09-02T10:52:40.037Z", "public": true, "deleted": false, "emailed": false, "data": null}}, {"model": "notifications.notification", "pk": 62, "fields": {"level": "info", "recipient": 2, "unread": false, "actor_content_type": 4, "actor_object_id": "2", "verb": "you loaded the page", "description": null, "target_content_type": null, "target_object_id": null, "action_object_content_type": null, "action_object_object_id": null, "timestamp": "2018-09-02T10:58:06.561Z", "public": true, "deleted": false, "emailed": false, "data": null}}, {"model": "notifications.notification", "pk": 63, "fields": {"level": "info", "recipient": 2, "unread": false, "actor_content_type": 4, "actor_object_id": "2", "verb": "you loaded the page", "description": null, "target_content_type": null, "target_object_id": null, "action_object_content_type": null, "action_object_object_id": null, "timestamp": "2018-09-02T10:58:12.371Z", "public": true, "deleted": false, "emailed": false, "data": null}}, {"model": "notifications.notification", "pk": 64, "fields": {"level": "info", "recipient": 2, "unread": false, "actor_content_type": 4, "actor_object_id": "2", "verb": "you loaded the page", "description": null, "target_content_type": null, "target_object_id": null, "action_object_content_type": null, "action_object_object_id": null, "timestamp": "2018-09-02T11:05:22.888Z", "public": true, "deleted": false, "emailed": false, "data": null}}, {"model": "notifications.notification", "pk": 65, "fields": {"level": "info", "recipient": 2, "unread": false, "actor_content_type": 4, "actor_object_id": "2", "verb": "you loaded the page", "description": null, "target_content_type": null, "target_object_id": null, "action_object_content_type": null, "action_object_object_id": null, "timestamp": "2018-09-02T11:08:40.413Z", "public": true, "deleted": false, "emailed": false, "data": null}}, {"model": "notifications.notification", "pk": 66, "fields": {"level": "info", "recipient": 2, "unread": false, "actor_content_type": 4, "actor_object_id": "2", "verb": "you loaded the page", "description": null, "target_content_type": null, "target_object_id": null, "action_object_content_type": null, "action_object_object_id": null, "timestamp": "2018-09-02T11:09:52.292Z", "public": true, "deleted": false, "emailed": false, "data": null}}, {"model": "notifications.notification", "pk": 67, "fields": {"level": "info", "recipient": 2, "unread": false, "actor_content_type": 4, "actor_object_id": "2", "verb": "you loaded the page", "description": null, "target_content_type": null, "target_object_id": null, "action_object_content_type": null, "action_object_object_id": null, "timestamp": "2018-09-02T11:12:33.486Z", "public": true, "deleted": false, "emailed": false, "data": null}}, {"model": "notifications.notification", "pk": 68, "fields": {"level": "info", "recipient": 2, "unread": false, "actor_content_type": 4, "actor_object_id": "2", "verb": "you loaded the page", "description": null, "target_content_type": null, "target_object_id": null, "action_object_content_type": null, "action_object_object_id": null, "timestamp": "2018-09-02T11:18:33.822Z", "public": true, "deleted": false, "emailed": false, "data": null}}, {"model": "notifications.notification", "pk": 69, "fields": {"level": "info", "recipient": 2, "unread": false, "actor_content_type": 4, "actor_object_id": "2", "verb": "you loaded the page", "description": null, "target_content_type": null, "target_object_id": null, "action_object_content_type": null, "action_object_object_id": null, "timestamp": "2018-09-02T11:26:45.007Z", "public": true, "deleted": false, "emailed": false, "data": null}}, {"model": "notifications.notification", "pk": 70, "fields": {"level": "info", "recipient": 1, "unread": false, "actor_content_type": 4, "actor_object_id": "1", "verb": "you loaded the page", "description": null, "target_content_type": null, "target_object_id": null, "action_object_content_type": null, "action_object_object_id": null, "timestamp": "2018-09-02T11:37:03.755Z", "public": true, "deleted": false, "emailed": false, "data": null}}, {"model": "notifications.notification", "pk": 71, "fields": {"level": "info", "recipient": 1, "unread": false, "actor_content_type": 4, "actor_object_id": "1", "verb": "you loaded the page", "description": null, "target_content_type": null, "target_object_id": null, "action_object_content_type": null, "action_object_object_id": null, "timestamp": "2018-09-02T11:37:17.950Z", "public": true, "deleted": false, "emailed": false, "data": null}}, {"model": "notifications.notification", "pk": 72, "fields": {"level": "info", "recipient": 2, "unread": false, "actor_content_type": 4, "actor_object_id": "2", "verb": "you loaded the page", "description": null, "target_content_type": null, "target_object_id": null, "action_object_content_type": null, "action_object_object_id": null, "timestamp": "2018-09-02T11:37:39.784Z", "public": true, "deleted": false, "emailed": false, "data": null}}, {"model": "notifications.notification", "pk": 73, "fields": {"level": "info", "recipient": 2, "unread": false, "actor_content_type": 4, "actor_object_id": "2", "verb": "you loaded the page", "description": null, "target_content_type": null, "target_object_id": null, "action_object_content_type": null, "action_object_object_id": null, "timestamp": "2018-09-02T11:38:47.994Z", "public": true, "deleted": false, "emailed": false, "data": null}}, {"model": "notifications.notification", "pk": 74, "fields": {"level": "info", "recipient": 2, "unread": false, "actor_content_type": 4, "actor_object_id": "2", "verb": "you loaded the page", "description": null, "target_content_type": null, "target_object_id": null, "action_object_content_type": null, "action_object_object_id": null, "timestamp": "2018-09-02T11:39:44.412Z", "public": true, "deleted": false, "emailed": false, "data": null}}, {"model": "notifications.notification", "pk": 75, "fields": {"level": "info", "recipient": 2, "unread": false, "actor_content_type": 4, "actor_object_id": "2", "verb": "you loaded the page", "description": null, "target_content_type": null, "target_object_id": null, "action_object_content_type": null, "action_object_object_id": null, "timestamp": "2018-09-02T11:42:05.397Z", "public": true, "deleted": false, "emailed": false, "data": null}}, {"model": "notifications.notification", "pk": 76, "fields": {"level": "info", "recipient": 2, "unread": false, "actor_content_type": 4, "actor_object_id": "2", "verb": "you loaded the page", "description": null, "target_content_type": null, "target_object_id": null, "action_object_content_type": null, "action_object_object_id": null, "timestamp": "2018-09-02T11:42:49.515Z", "public": true, "deleted": false, "emailed": false, "data": null}}, {"model": "notifications.notification", "pk": 77, "fields": {"level": "info", "recipient": 1, "unread": false, "actor_content_type": 4, "actor_object_id": "1", "verb": "you loaded the page", "description": null, "target_content_type": null, "target_object_id": null, "action_object_content_type": null, "action_object_object_id": null, "timestamp": "2018-09-02T11:43:14.975Z", "public": true, "deleted": false, "emailed": false, "data": null}}, {"model": "notifications.notification", "pk": 78, "fields": {"level": "info", "recipient": 2, "unread": false, "actor_content_type": 4, "actor_object_id": "2", "verb": "you loaded the page", "description": null, "target_content_type": null, "target_object_id": null, "action_object_content_type": null, "action_object_object_id": null, "timestamp": "2018-09-02T11:44:53.437Z", "public": true, "deleted": false, "emailed": false, "data": null}}, {"model": "notifications.notification", "pk": 79, "fields": {"level": "info", "recipient": 2, "unread": false, "actor_content_type": 4, "actor_object_id": "2", "verb": "you loaded the page", "description": null, "target_content_type": null, "target_object_id": null, "action_object_content_type": null, "action_object_object_id": null, "timestamp": "2018-09-02T11:45:50.003Z", "public": true, "deleted": false, "emailed": false, "data": null}}, {"model": "notifications.notification", "pk": 80, "fields": {"level": "info", "recipient": 2, "unread": false, "actor_content_type": 4, "actor_object_id": "2", "verb": "you loaded the page", "description": null, "target_content_type": null, "target_object_id": null, "action_object_content_type": null, "action_object_object_id": null, "timestamp": "2018-09-02T11:48:45.247Z", "public": true, "deleted": false, "emailed": false, "data": null}}, {"model": "notifications.notification", "pk": 81, "fields": {"level": "info", "recipient": 2, "unread": false, "actor_content_type": 4, "actor_object_id": "2", "verb": "you loaded the page", "description": null, "target_content_type": null, "target_object_id": null, "action_object_content_type": null, "action_object_object_id": null, "timestamp": "2018-09-02T12:04:38.337Z", "public": true, "deleted": false, "emailed": false, "data": null}}, {"model": "notifications.notification", "pk": 82, "fields": {"level": "info", "recipient": 2, "unread": false, "actor_content_type": 4, "actor_object_id": "2", "verb": "you loaded the page", "description": null, "target_content_type": null, "target_object_id": null, "action_object_content_type": null, "action_object_object_id": null, "timestamp": "2018-09-02T12:05:12.459Z", "public": true, "deleted": false, "emailed": false, "data": null}}, {"model": "notifications.notification", "pk": 83, "fields": {"level": "info", "recipient": 2, "unread": false, "actor_content_type": 4, "actor_object_id": "2", "verb": "you loaded the page", "description": null, "target_content_type": null, "target_object_id": null, "action_object_content_type": null, "action_object_object_id": null, "timestamp": "2018-09-02T12:06:16.403Z", "public": true, "deleted": false, "emailed": false, "data": null}}, {"model": "notifications.notification", "pk": 84, "fields": {"level": "info", "recipient": 2, "unread": false, "actor_content_type": 4, "actor_object_id": "2", "verb": "you loaded the page", "description": null, "target_content_type": null, "target_object_id": null, "action_object_content_type": null, "action_object_object_id": null, "timestamp": "2018-09-02T12:08:50.816Z", "public": true, "deleted": false, "emailed": false, "data": null}}, {"model": "notifications.notification", "pk": 85, "fields": {"level": "info", "recipient": 2, "unread": false, "actor_content_type": 4, "actor_object_id": "2", "verb": "you loaded the page", "description": null, "target_content_type": null, "target_object_id": null, "action_object_content_type": null, "action_object_object_id": null, "timestamp": "2018-09-02T12:10:23.961Z", "public": true, "deleted": false, "emailed": false, "data": null}}, {"model": "notifications.notification", "pk": 86, "fields": {"level": "info", "recipient": 2, "unread": false, "actor_content_type": 4, "actor_object_id": "2", "verb": "you loaded the page", "description": null, "target_content_type": null, "target_object_id": null, "action_object_content_type": null, "action_object_object_id": null, "timestamp": "2018-09-02T12:11:19.963Z", "public": true, "deleted": false, "emailed": false, "data": null}}, {"model": "notifications.notification", "pk": 87, "fields": {"level": "info", "recipient": 1, "unread": false, "actor_content_type": 4, "actor_object_id": "1", "verb": "you loaded the page", "description": null, "target_content_type": null, "target_object_id": null, "action_object_content_type": null, "action_object_object_id": null, "timestamp": "2018-09-02T12:28:37.039Z", "public": true, "deleted": false, "emailed": false, "data": null}}, {"model": "notifications.notification", "pk": 88, "fields": {"level": "info", "recipient": 2, "unread": false, "actor_content_type": 4, "actor_object_id": "2", "verb": "you loaded the page", "description": null, "target_content_type": null, "target_object_id": null, "action_object_content_type": null, "action_object_object_id": null, "timestamp": "2018-09-02T12:39:24.649Z", "public": true, "deleted": false, "emailed": false, "data": null}}, {"model": "notifications.notification", "pk": 89, "fields": {"level": "info", "recipient": 1, "unread": false, "actor_content_type": 4, "actor_object_id": "1", "verb": "you loaded the page", "description": null, "target_content_type": null, "target_object_id": null, "action_object_content_type": null, "action_object_object_id": null, "timestamp": "2018-09-02T12:39:42.261Z", "public": true, "deleted": false, "emailed": false, "data": null}}, {"model": "notifications.notification", "pk": 90, "fields": {"level": "info", "recipient": 1, "unread": false, "actor_content_type": 4, "actor_object_id": "1", "verb": "you loaded the page", "description": null, "target_content_type": null, "target_object_id": null, "action_object_content_type": null, "action_object_object_id": null, "timestamp": "2018-09-02T12:40:51.494Z", "public": true, "deleted": false, "emailed": false, "data": null}}, {"model": "notifications.notification", "pk": 91, "fields": {"level": "info", "recipient": 1, "unread": false, "actor_content_type": 4, "actor_object_id": "1", "verb": "you loaded the page", "description": null, "target_content_type": null, "target_object_id": null, "action_object_content_type": null, "action_object_object_id": null, "timestamp": "2018-09-02T12:48:24.123Z", "public": true, "deleted": false, "emailed": false, "data": null}}, {"model": "notifications.notification", "pk": 92, "fields": {"level": "info", "recipient": 1, "unread": false, "actor_content_type": 4, "actor_object_id": "1", "verb": "you loaded the page", "description": null, "target_content_type": null, "target_object_id": null, "action_object_content_type": null, "action_object_object_id": null, "timestamp": "2018-09-02T12:49:14.823Z", "public": true, "deleted": false, "emailed": false, "data": null}}, {"model": "notifications.notification", "pk": 93, "fields": {"level": "info", "recipient": 1, "unread": false, "actor_content_type": 4, "actor_object_id": "1", "verb": "you loaded the page", "description": null, "target_content_type": null, "target_object_id": null, "action_object_content_type": null, "action_object_object_id": null, "timestamp": "2018-09-02T12:49:50.270Z", "public": true, "deleted": false, "emailed": false, "data": null}}, {"model": "notifications.notification", "pk": 94, "fields": {"level": "info", "recipient": 1, "unread": false, "actor_content_type": 4, "actor_object_id": "1", "verb": "you loaded the page", "description": null, "target_content_type": null, "target_object_id": null, "action_object_content_type": null, "action_object_object_id": null, "timestamp": "2018-09-02T12:51:11.877Z", "public": true, "deleted": false, "emailed": false, "data": null}}, {"model": "notifications.notification", "pk": 95, "fields": {"level": "info", "recipient": 1, "unread": false, "actor_content_type": 4, "actor_object_id": "1", "verb": "you loaded the page", "description": null, "target_content_type": null, "target_object_id": null, "action_object_content_type": null, "action_object_object_id": null, "timestamp": "2018-09-02T12:51:30.024Z", "public": true, "deleted": false, "emailed": false, "data": null}}, {"model": "notifications.notification", "pk": 96, "fields": {"level": "info", "recipient": 1, "unread": false, "actor_content_type": 4, "actor_object_id": "1", "verb": "you loaded the page", "description": null, "target_content_type": null, "target_object_id": null, "action_object_content_type": null, "action_object_object_id": null, "timestamp": "2018-09-02T12:52:18.670Z", "public": true, "deleted": false, "emailed": false, "data": null}}, {"model": "notifications.notification", "pk": 97, "fields": {"level": "info", "recipient": 1, "unread": false, "actor_content_type": 4, "actor_object_id": "1", "verb": "you loaded the page", "description": null, "target_content_type": null, "target_object_id": null, "action_object_content_type": null, "action_object_object_id": null, "timestamp": "2018-09-02T12:55:03.496Z", "public": true, "deleted": false, "emailed": false, "data": null}}, {"model": "notifications.notification", "pk": 98, "fields": {"level": "info", "recipient": 1, "unread": false, "actor_content_type": 4, "actor_object_id": "1", "verb": "you loaded the page", "description": null, "target_content_type": null, "target_object_id": null, "action_object_content_type": null, "action_object_object_id": null, "timestamp": "2018-09-02T12:56:43.811Z", "public": true, "deleted": false, "emailed": false, "data": null}}, {"model": "notifications.notification", "pk": 99, "fields": {"level": "info", "recipient": 1, "unread": false, "actor_content_type": 4, "actor_object_id": "1", "verb": "you loaded the page", "description": null, "target_content_type": null, "target_object_id": null, "action_object_content_type": null, "action_object_object_id": null, "timestamp": "2018-09-02T12:56:53.485Z", "public": true, "deleted": false, "emailed": false, "data": null}}, {"model": "notifications.notification", "pk": 100, "fields": {"level": "info", "recipient": 1, "unread": false, "actor_content_type": 4, "actor_object_id": "1", "verb": "you loaded the page", "description": null, "target_content_type": null, "target_object_id": null, "action_object_content_type": null, "action_object_object_id": null, "timestamp": "2018-09-02T12:57:04.920Z", "public": true, "deleted": false, "emailed": false, "data": null}}, {"model": "notifications.notification", "pk": 101, "fields": {"level": "info", "recipient": 1, "unread": false, "actor_content_type": 4, "actor_object_id": "1", "verb": "you loaded the page", "description": null, "target_content_type": null, "target_object_id": null, "action_object_content_type": null, "action_object_object_id": null, "timestamp": "2018-09-02T12:58:54.588Z", "public": true, "deleted": false, "emailed": false, "data": null}}, {"model": "notifications.notification", "pk": 102, "fields": {"level": "info", "recipient": 1, "unread": false, "actor_content_type": 4, "actor_object_id": "1", "verb": "you loaded the page", "description": null, "target_content_type": null, "target_object_id": null, "action_object_content_type": null, "action_object_object_id": null, "timestamp": "2018-09-02T12:59:05.311Z", "public": true, "deleted": false, "emailed": false, "data": null}}, {"model": "notifications.notification", "pk": 103, "fields": {"level": "info", "recipient": 1, "unread": false, "actor_content_type": 4, "actor_object_id": "1", "verb": "you loaded the page", "description": null, "target_content_type": null, "target_object_id": null, "action_object_content_type": null, "action_object_object_id": null, "timestamp": "2018-09-02T13:26:54.736Z", "public": true, "deleted": false, "emailed": false, "data": null}}, {"model": "notifications.notification", "pk": 104, "fields": {"level": "info", "recipient": 1, "unread": false, "actor_content_type": 4, "actor_object_id": "1", "verb": "you loaded the page", "description": null, "target_content_type": null, "target_object_id": null, "action_object_content_type": null, "action_object_object_id": null, "timestamp": "2018-09-02T13:27:36.396Z", "public": true, "deleted": false, "emailed": false, "data": null}}, {"model": "notifications.notification", "pk": 105, "fields": {"level": "info", "recipient": 1, "unread": false, "actor_content_type": 4, "actor_object_id": "1", "verb": "you loaded the page", "description": null, "target_content_type": null, "target_object_id": null, "action_object_content_type": null, "action_object_object_id": null, "timestamp": "2018-09-02T13:44:37.374Z", "public": true, "deleted": false, "emailed": false, "data": null}}, {"model": "notifications.notification", "pk": 106, "fields": {"level": "info", "recipient": 1, "unread": false, "actor_content_type": 4, "actor_object_id": "1", "verb": "you loaded the page", "description": null, "target_content_type": null, "target_object_id": null, "action_object_content_type": null, "action_object_object_id": null, "timestamp": "2018-09-02T13:45:35.832Z", "public": true, "deleted": false, "emailed": false, "data": null}}, {"model": "notifications.notification", "pk": 107, "fields": {"level": "info", "recipient": 1, "unread": false, "actor_content_type": 4, "actor_object_id": "1", "verb": "you loaded the page", "description": null, "target_content_type": null, "target_object_id": null, "action_object_content_type": null, "action_object_object_id": null, "timestamp": "2018-09-02T13:47:34.501Z", "public": true, "deleted": false, "emailed": false, "data": null}}, {"model": "notifications.notification", "pk": 108, "fields": {"level": "info", "recipient": 1, "unread": false, "actor_content_type": 4, "actor_object_id": "1", "verb": "you loaded the page", "description": null, "target_content_type": null, "target_object_id": null, "action_object_content_type": null, "action_object_object_id": null, "timestamp": "2018-09-02T13:47:54.333Z", "public": true, "deleted": false, "emailed": false, "data": null}}, {"model": "notifications.notification", "pk": 109, "fields": {"level": "info", "recipient": 1, "unread": false, "actor_content_type": 4, "actor_object_id": "1", "verb": "you loaded the page", "description": null, "target_content_type": null, "target_object_id": null, "action_object_content_type": null, "action_object_object_id": null, "timestamp": "2018-09-02T13:48:21.075Z", "public": true, "deleted": false, "emailed": false, "data": null}}, {"model": "notifications.notification", "pk": 110, "fields": {"level": "info", "recipient": 2, "unread": false, "actor_content_type": 4, "actor_object_id": "2", "verb": "you loaded the page", "description": null, "target_content_type": null, "target_object_id": null, "action_object_content_type": null, "action_object_object_id": null, "timestamp": "2018-09-02T13:53:57.641Z", "public": true, "deleted": false, "emailed": false, "data": null}}, {"model": "notifications.notification", "pk": 111, "fields": {"level": "info", "recipient": 2, "unread": false, "actor_content_type": 4, "actor_object_id": "2", "verb": "you loaded the page", "description": null, "target_content_type": null, "target_object_id": null, "action_object_content_type": null, "action_object_object_id": null, "timestamp": "2018-09-02T13:54:06.518Z", "public": true, "deleted": false, "emailed": false, "data": null}}, {"model": "notifications.notification", "pk": 112, "fields": {"level": "info", "recipient": 1, "unread": false, "actor_content_type": 4, "actor_object_id": "1", "verb": "you loaded the page", "description": null, "target_content_type": null, "target_object_id": null, "action_object_content_type": null, "action_object_object_id": null, "timestamp": "2018-09-02T13:54:23.403Z", "public": true, "deleted": false, "emailed": false, "data": null}}, {"model": "notifications.notification", "pk": 113, "fields": {"level": "info", "recipient": 2, "unread": false, "actor_content_type": 4, "actor_object_id": "2", "verb": "you loaded the page", "description": null, "target_content_type": null, "target_object_id": null, "action_object_content_type": null, "action_object_object_id": null, "timestamp": "2018-09-02T13:56:54.323Z", "public": true, "deleted": false, "emailed": false, "data": null}}, {"model": "notifications.notification", "pk": 114, "fields": {"level": "info", "recipient": 1, "unread": false, "actor_content_type": 4, "actor_object_id": "1", "verb": "you loaded the page", "description": null, "target_content_type": null, "target_object_id": null, "action_object_content_type": null, "action_object_object_id": null, "timestamp": "2018-09-02T13:57:00.617Z", "public": true, "deleted": false, "emailed": false, "data": null}}, {"model": "notifications.notification", "pk": 115, "fields": {"level": "info", "recipient": 1, "unread": false, "actor_content_type": 4, "actor_object_id": "1", "verb": "you loaded the page", "description": null, "target_content_type": null, "target_object_id": null, "action_object_content_type": null, "action_object_object_id": null, "timestamp": "2018-09-02T13:59:23.255Z", "public": true, "deleted": false, "emailed": false, "data": null}}, {"model": "notifications.notification", "pk": 116, "fields": {"level": "info", "recipient": 1, "unread": false, "actor_content_type": 4, "actor_object_id": "1", "verb": "you loaded the page", "description": null, "target_content_type": null, "target_object_id": null, "action_object_content_type": null, "action_object_object_id": null, "timestamp": "2018-09-02T14:00:03.355Z", "public": true, "deleted": false, "emailed": false, "data": null}}, {"model": "notifications.notification", "pk": 117, "fields": {"level": "info", "recipient": 1, "unread": false, "actor_content_type": 4, "actor_object_id": "1", "verb": "you loaded the page", "description": null, "target_content_type": null, "target_object_id": null, "action_object_content_type": null, "action_object_object_id": null, "timestamp": "2018-09-02T14:12:08.688Z", "public": true, "deleted": false, "emailed": false, "data": null}}, {"model": "notifications.notification", "pk": 118, "fields": {"level": "info", "recipient": 1, "unread": false, "actor_content_type": 4, "actor_object_id": "1", "verb": "you loaded the page", "description": null, "target_content_type": null, "target_object_id": null, "action_object_content_type": null, "action_object_object_id": null, "timestamp": "2018-09-02T14:23:03.606Z", "public": true, "deleted": false, "emailed": false, "data": null}}, {"model": "notifications.notification", "pk": 119, "fields": {"level": "info", "recipient": 1, "unread": false, "actor_content_type": 4, "actor_object_id": "1", "verb": "you loaded the page", "description": null, "target_content_type": null, "target_object_id": null, "action_object_content_type": null, "action_object_object_id": null, "timestamp": "2018-09-02T14:24:23.009Z", "public": true, "deleted": false, "emailed": false, "data": null}}, {"model": "notifications.notification", "pk": 120, "fields": {"level": "info", "recipient": 2, "unread": false, "actor_content_type": 4, "actor_object_id": "2", "verb": "you loaded the page", "description": null, "target_content_type": null, "target_object_id": null, "action_object_content_type": null, "action_object_object_id": null, "timestamp": "2018-09-02T14:24:35.598Z", "public": true, "deleted": false, "emailed": false, "data": null}}, {"model": "notifications.notification", "pk": 121, "fields": {"level": "info", "recipient": 2, "unread": false, "actor_content_type": 4, "actor_object_id": "2", "verb": "you loaded the page", "description": null, "target_content_type": null, "target_object_id": null, "action_object_content_type": null, "action_object_object_id": null, "timestamp": "2018-09-02T14:26:17.262Z", "public": true, "deleted": false, "emailed": false, "data": null}}, {"model": "notifications.notification", "pk": 122, "fields": {"level": "info", "recipient": 2, "unread": false, "actor_content_type": 4, "actor_object_id": "2", "verb": "you loaded the page", "description": null, "target_content_type": null, "target_object_id": null, "action_object_content_type": null, "action_object_object_id": null, "timestamp": "2018-09-02T20:36:19.485Z", "public": true, "deleted": false, "emailed": false, "data": null}}, {"model": "social_django.usersocialauth", "pk": 1, "fields": {"user": 1, "provider": "google-oauth2", "uid": "oxana111333555@gmail.com", "extra_data": "{\"auth_time\": 1535931198, \"expires\": 3600, \"token_type\": \"Bearer\", \"access_token\": \"ya29.Gl0MBuZ_4dwL2yE9QK-viH5DNby5FNKMrozbUP5ZcALVykhgf8xnG5YJUSP1fLZNYo8GBH4D0wj2tO6APCRXfhitSnRKbw7FDk9LZaKBku-vZAVWVSfzYLwgh1zoSu4\"}"}}, {"model": "volunteer.eventstype", "pk": 1, "fields": {"type": "\u0423\u0440\u0431\u0430\u043d\u0456\u0437\u043c"}}, {"model": "volunteer.eventstype", "pk": 2, "fields": {"type": "\u0411\u043b\u0430\u0433\u043e\u0434\u0456\u0439\u043d\u0438\u0446\u0442\u0432\u043e"}}, {"model": "volunteer.eventstype", "pk": 3, "fields": {"type": "\u0412\u0430\u0440\u0442\u0430"}}, {"model": "volunteer.eventstype", "pk": 4, "fields": {"type": "\u0414\u043e\u043d\u043e\u0440\u0441\u0442\u0432\u043e"}}, {"model": "volunteer.eventstype", "pk": 6, "fields": {"type": "\u041e\u0441\u0432\u0456\u0442\u0430"}}, {"model": "volunteer.eventstype", "pk": 7, "fields": {"type": "\u041f\u0440\u043e\u0437\u043e\u0440\u0456\u0441\u0442\u044c"}}, {"model": "volunteer.eventstype", "pk": 8, "fields": {"type": "\u0422\u043e\u043b\u043e\u043a\u0430"}}, {"model": "volunteer.eventstype", "pk": 9, "fields": {"type": "\u041a\u043e\u0442\u0438\u043a\u0438"}}, {"model": "volunteer.status", "pk": 1, "fields": {"status": "\u041f\u043e\u0442\u0440\u0435\u0431\u0443\u0454 \u0434\u043e\u043f\u043e\u043c\u043e\u0433\u0438 \u0432 \u043f\u0456\u0434\u0433\u043e\u0442\u043e\u0432\u0446\u0456"}}, {"model": "volunteer.status", "pk": 2, "fields": {"status": "\u0413\u043e\u0442\u043e\u0432\u0430 \u0434\u043e \u043f\u0440\u043e\u0432\u0435\u0434\u0435\u043d\u043d\u044f"}}, {"model": "volunteer.status", "pk": 3, "fields": {"status": "\u041f\u0440\u043e\u0432\u0435\u0434\u0435\u043d\u043e"}}, {"model": "volunteer.status", "pk": 4, "fields": {"status": "\u0412\u0456\u0434\u043c\u0456\u043d\u0435\u043d\u043e"}}, {"model": "volunteer.city", "pk": 1, "fields": {"city": "\u0425\u043c\u0435\u043b\u044c\u043d\u0438\u0446\u044c\u043a\u0438\u0439"}}, {"model": "volunteer.league", "pk": 1, "fields": {"league": "\u041f\u043b\u0430\u0441\u0442\u0438\u043a\u043e\u0432\u0430 \u043b\u0456\u0433\u0430", "quantity_achievement": 5}}, {"model": "volunteer.league", "pk": 2, "fields": {"league": "\u0411\u0440\u043e\u043d\u0437\u043e\u0432\u0430 \u043b\u0456\u0433\u0430", "quantity_achievement": 5}}, {"model": "volunteer.league", "pk": 3, "fields": {"league": "\u0421\u0440\u0456\u0431\u043d\u0430 \u043b\u0456\u0433\u0430", "quantity_achievement": 5}}, {"model": "volunteer.league", "pk": 4, "fields": {"league": "\u0417\u043e\u043b\u043e\u0442\u0430 \u043b\u0456\u0433\u0430", "quantity_achievement": 5}}, {"model": "volunteer.league", "pk": 5, "fields": {"league": "\u041f\u043b\u0430\u0442\u0438\u043d\u043e\u0432\u0430 \u043b\u0456\u0433\u0430", "quantity_achievement": 5}}, {"model": "volunteer.user", "pk": 5, "fields": {"first_name": "\u041e\u043a\u0441\u0430\u043d\u0430", "last_name": "\u0421\u0430\u0432\u0438\u0446\u044c\u043a\u0430", "date_of_registration": "2018-08-30", "photo": "media/avatars/index.jpeg", "league": 1, "city": 1, "blocked": false, "django_user_id": 2}}, {"model": "volunteer.user", "pk": 6, "fields": {"first_name": "\u0412\u0430\u0441\u044f", "last_name": "\u041f\u0443\u043f\u043a\u0456\u043d", "date_of_registration": "2018-09-02", "photo": "", "league": 1, "city": 1, "blocked": false, "django_user_id": 1}}, {"model": "volunteer.user", "pk": 7, "fields": {"first_name": "\u041c\u0430\u043a\u0441\u0438\u043c", "last_name": "\u041f\u0435\u0440\u0435\u0440\u0432\u0430", "date_of_registration": "2018-09-02", "photo": "", "league": 1, "city": 1, "blocked": false, "django_user_id": 4}}, {"model": "volunteer.digestlist", "pk": 15, "fields": {"user": 5, "type": 1}}, {"model": "volunteer.digestlist", "pk": 24, "fields": {"user": 5, "type": 2}}, {"model": "volunteer.digestlist", "pk": 25, "fields": {"user": 5, "type": 8}}, {"model": "volunteer.digestlist", "pk": 26, "fields": {"user": 6, "type": 1}}, {"model": "volunteer.digestlist", "pk": 27, "fields": {"user": 6, "type": 2}}, {"model": "volunteer.digestlist", "pk": 31, "fields": {"user": 6, "type": 7}}, {"model": "volunteer.digestlist", "pk": 32, "fields": {"user": 6, "type": 8}}, {"model": "volunteer.digestlist", "pk": 33, "fields": {"user": 6, "type": 9}}, {"model": "volunteer.digestlist", "pk": 34, "fields": {"user": 7, "type": 1}}, {"model": "volunteer.digestlist", "pk": 35, "fields": {"user": 7, "type": 4}}, {"model": "volunteer.digestlist", "pk": 36, "fields": {"user": 7, "type": 7}}, {"model": "volunteer.digestlist", "pk": 37, "fields": {"user": 7, "type": 6}}, {"model": "volunteer.digestlist", "pk": 38, "fields": {"user": 7, "type": 2}}, {"model": "volunteer.digestlist", "pk": 39, "fields": {"user": 7, "type": 3}}, {"model": "volunteer.digestlist", "pk": 40, "fields": {"user": 7, "type": 8}}, {"model": "volunteer.digestlist", "pk": 41, "fields": {"user": 7, "type": 9}}, {"model": "volunteer.event", "pk": 1, "fields": {"name": "\u0406\u0432\u0435\u043d\u04421", "organizer": 5, "events_or_task": true, "events_type": 2, "date_event": "2018-08-09T00:00:00Z", "city": 1, "address": "\u0432\u0443\u043b. \u041f\u0443\u0448\u043a\u0456\u043d\u0430 \u0434\u043e\u043c \u043a\u043e\u043b\u043e\u0442\u0443\u0448\u043a\u0456\u043d\u0430", "status": 2, "max_part": 10, "min_part": null, "recommended_points": 200, "contact": "mail@mail.com", "publication_date": "2018-08-31", "description": "\u0413\u0430\u0440\u043d\u0430 \u043f\u043e\u0434\u0456\u044f"}}, {"model": "volunteer.event", "pk": 30, "fields": {"name": "\u0406\u0432\u0435\u043d\u04422", "organizer": 5, "events_or_task": true, "events_type": 6, "date_event": null, "city": 1, "address": null, "status": 1, "max_part": null, "min_part": null, "recommended_points": 100, "contact": "oxana111333@mail.com", "publication_date": "2018-09-01", "description": null}}, {"model": "volunteer.event", "pk": 31, "fields": {"name": "\u0406\u0432\u0435\u043d\u04423", "organizer": 5, "events_or_task": true, "events_type": 8, "date_event": null, "city": null, "address": null, "status": 2, "max_part": null, "min_part": null, "recommended_points": 60, "contact": null, "publication_date": "2018-09-01", "description": ""}}, {"model": "volunteer.event", "pk": 32, "fields": {"name": "\u0417\u0430\u0432\u0434\u0430\u043d\u043d\u044f1", "organizer": 5, "events_or_task": false, "events_type": 7, "date_event": null, "city": 1, "address": null, "status": null, "max_part": null, "min_part": null, "recommended_points": 350, "contact": "mail@mail.com", "publication_date": "2018-09-01", "description": "\u0414\u0443\u0436\u0435 \u0441\u043a\u043b\u0430\u0434\u043d\u0435 \u0437\u0430\u0432\u0434\u0430\u043d\u043d\u044f"}}, {"model": "volunteer.event", "pk": 33, "fields": {"name": "\u0406\u0432\u0435\u043d\u04424", "organizer": 5, "events_or_task": true, "events_type": 6, "date_event": "2018-09-02T13:56:32Z", "city": 1, "address": null, "status": null, "max_part": null, "min_part": null, "recommended_points": 200, "contact": null, "publication_date": "2018-09-02", "description": ""}}, {"model": "volunteer.event", "pk": 34, "fields": {"name": "\u0406\u0432\u0435\u043d\u044210", "organizer": 5, "events_or_task": true, "events_type": 6, "date_event": "2018-09-02T13:59:02Z", "city": 1, "address": null, "status": 2, "max_part": null, "min_part": null, "recommended_points": 200, "contact": null, "publication_date": "2018-09-02", "description": ""}}, {"model": "volunteer.event", "pk": 35, "fields": {"name": "\u0406\u0432\u0435\u043d\u04427", "organizer": 5, "events_or_task": true, "events_type": 2, "date_event": null, "city": 1, "address": null, "status": 2, "max_part": null, "min_part": null, "recommended_points": 50, "contact": null, "publication_date": "2018-09-02", "description": null}}, {"model": "volunteer.event", "pk": 36, "fields": {"name": "\u0406\u0432\u0435\u043d\u04428", "organizer": 5, "events_or_task": true, "events_type": 4, "date_event": null, "city": 1, "address": null, "status": 2, "max_part": null, "min_part": null, "recommended_points": 300, "contact": null, "publication_date": "2018-09-03", "description": null}}, {"model": "volunteer.event", "pk": 37, "fields": {"name": "\u0406\u0432\u0435\u043d\u04429", "organizer": 5, "events_or_task": true, "events_type": 6, "date_event": null, "city": 1, "address": null, "status": 2, "max_part": null, "min_part": null, "recommended_points": 300, "contact": null, "publication_date": "2018-09-03", "description": null}}, {"model": "volunteer.event", "pk": 38, "fields": {"name": "\u0406\u0432\u0435\u043d\u044210", "organizer": 5, "events_or_task": true, "events_type": 6, "date_event": null, "city": 1, "address": null, "status": 2, "max_part": null, "min_part": null, "recommended_points": 300, "contact": null, "publication_date": "2018-09-03", "description": null}}, {"model": "volunteer.eventsorgtask", "pk": 31, "fields": {"event": 30, "task_name": "\u0414\u0440\u0443\u043a \u043b\u0438\u0441\u0442\u0456\u0432\u043e\u043a", "task_description": "\u041b\u0438\u0441\u0442\u0456\u0432\u043a\u0438 50*40 100\u0448\u0442", "done": false, "recommended_points": 200}}, {"model": "volunteer.eventsorgtask", "pk": 32, "fields": {"event": 30, "task_name": "\u0414\u0438\u0437\u0430\u0439\u043d \u043b\u043e\u0433\u043e", "task_description": "\u0440\u043e\u0437\u043c\u0456\u0440 50*100", "done": false, "recommended_points": 1}}, {"model": "volunteer.eventsparticipant", "pk": 16, "fields": {"user": 6, "event": 32}}, {"model": "volunteer.eventsparticipant", "pk": 17, "fields": {"user": 6, "event": 33}}, {"model": "volunteer.eventsparticipant", "pk": 19, "fields": {"user": 6, "event": 34}}, {"model": "volunteer.eventsparticipant", "pk": 20, "fields": {"user": 7, "event": 33}}, {"model": "volunteer.eventsparticipant", "pk": 21, "fields": {"user": 7, "event": 34}}, {"model": "volunteer.currency", "pk": 1, "fields": {"currency": "\u0426\u0435\u0433\u043b\u0438\u043a\u0438", "type_event": 1, "image": "media/currency/coins1.svg"}}, {"model": "volunteer.currency", "pk": 2, "fields": {"currency": "\u041b\u0438\u0441\u0442\u043e\u0447\u043a\u0438", "type_event": 8, "image": "media/currency/coins2.svg"}}, {"model": "volunteer.currency", "pk": 3, "fields": {"currency": "\u041a\u0430\u043f\u043b\u044f", "type_event": 4, "image": "media/currency/coins3.svg"}}, {"model": "volunteer.currency", "pk": 4, "fields": {"currency": "\u0412\u0438\u043f\u0443\u0441\u043a\u043d\u0438\u043a\u0438", "type_event": 6, "image": "media/currency/coins5.svg"}}, {"model": "volunteer.currency", "pk": 5, "fields": {"currency": "\u0412\u0430\u0433\u0438", "type_event": 7, "image": "media/currency/coins6.svg"}}, {"model": "volunteer.currency", "pk": 6, "fields": {"currency": "\u0412\u0430\u0440\u0442\u0438\u043a\u0438", "type_event": 3, "image": "media/currency/coins7.svg"}}, {"model": "volunteer.currency", "pk": 7, "fields": {"currency": "\u041b\u0430\u043f\u043a\u0438", "type_event": 9, "image": "media/currency/coins8.svg"}}, {"model": "volunteer.currency", "pk": 8, "fields": {"currency": "\u0411\u043b\u0430\u0433\u0440\u043e\u0448\u0456", "type_event": 2, "image": "media/currency/coins4.svg"}}, {"model": "volunteer.userpoint", "pk": 1, "fields": {"user": 6, "currency": 1, "quantity": 100}}, {"model": "volunteer.userpoint", "pk": 2, "fields": {"user": 6, "currency": 4, "quantity": 20}}, {"model": "volunteer.userpoint", "pk": 3, "fields": {"user": 6, "currency": 7, "quantity": 30}}, {"model": "volunteer.userpoint", "pk": 4, "fields": {"user": 6, "currency": 2, "quantity": 0}}, {"model": "volunteer.userpoint", "pk": 5, "fields": {"user": 6, "currency": 3, "quantity": 31}}, {"model": "volunteer.userpoint", "pk": 6, "fields": {"user": 6, "currency": 5, "quantity": 60}}, {"model": "volunteer.userpoint", "pk": 7, "fields": {"user": 6, "currency": 6, "quantity": 33}}, {"model": "volunteer.userpoint", "pk": 8, "fields": {"user": 6, "currency": 8, "quantity": 0}}, {"model": "volunteer.achievement", "pk": 1, "fields": {"achievement": "\u042f \u0454 \u0413\u0440\u0443\u0442", "league": 1, "description": ""}}, {"model": "volunteer.achievement", "pk": 2, "fields": {"achievement": "\u041c\u043e\u0439\u0434\u043e\u0434\u0438\u0440", "league": 1, "description": ""}}, {"model": "volunteer.achievement", "pk": 3, "fields": {"achievement": "\u041c\u043e\u043b\u043e\u0442 \u0412\u043e\u043b\u043e\u043d\u0442\u043e\u0440\u0430", "league": 1, "description": ""}}, {"model": "volunteer.achievement", "pk": 4, "fields": {"achievement": "\u0428\u043a\u0430\u0440\u043f\u0435\u0442\u043a\u0430 \u0434\u043b\u044f \u0414\u043e\u0431\u0431\u0456", "league": 1, "description": ""}}, {"model": "volunteer.achievement", "pk": 5, "fields": {"achievement": "\u0424\u0430\u043b\u0430\u0444\u0435\u043b\u044c \u0456\u0437 \u0441\u043c\u0443\u0437\u0456 \u0432 \u043a\u043e\u0432\u043e\u0440\u043a\u0456\u043d\u0433\u0443", "league": 1, "description": ""}}, {"model": "volunteer.achievement", "pk": 6, "fields": {"achievement": "\u0420\u0430\u043a\u0438 \u043d\u0430 \u043c\u0456\u0434\u0456", "league": 1, "description": ""}}, {"model": "volunteer.achievement", "pk": 7, "fields": {"achievement": "\u0412\u0430\u0440\u0442\u043e\u0432\u0438\u0439 \u0413\u0430\u043b\u0430\u043a\u0442\u0438\u043a\u0438", "league": 1, "description": ""}}, {"model": "volunteer.achievement", "pk": 8, "fields": {"achievement": "\u0412 \u043f\u043e\u0448\u0443\u043a\u0430\u0445 \u0437\u043e\u043b\u043e\u0442\u043e\u0433\u043e \u0431\u0430\u0442\u043e\u043d\u0443", "league": 1, "description": ""}}, {"model": "volunteer.achievement", "pk": 9, "fields": {"achievement": "\u0411\u0430\u0442\u044c\u043a\u0430 \u0432 \u0448\u043a\u043e\u043b\u0443", "league": 1, "description": ""}}, {"model": "volunteer.achievement", "pk": 10, "fields": {"achievement": "\u0413\u043e\u0440\u0449\u0438\u043a \u0432\u0430\u0440\u0438", "league": 1, "description": ""}}, {"model": "volunteer.achievement", "pk": 11, "fields": {"achievement": "\u0412\u0430\u0441 \u0437\u0430\u0440\u0430\u0445\u043e\u0432\u0430\u043d\u043e \u0434\u043e \u043f\u043e\u043b\u0456\u0446\u0435\u0439\u0441\u044c\u043a\u043e\u0457 \u0430\u043a\u0430\u0434\u0435\u043c\u0456\u0457", "league": 1, "description": ""}}, {"model": "volunteer.achievement", "pk": 12, "fields": {"achievement": "\u041a\u0440\u0438\u0432\u0430\u0432\u0430 \u041c\u0435\u0440\u0456", "league": 1, "description": ""}}, {"model": "volunteer.achievement", "pk": 13, "fields": {"achievement": "\u0412\u0435\u0447\u0435\u0440\u044f \u0434\u0440\u0430\u043a\u0443\u043b\u0438", "league": 1, "description": ""}}, {"model": "volunteer.achievement", "pk": 14, "fields": {"achievement": "\u041c\u0454\u043b\u043e\u0447\u044c \u0454\u0441\u0442\u044c?", "league": 1, "description": ""}}, {"model": "volunteer.achievement", "pk": 15, "fields": {"achievement": "\u0412\u0435\u043b\u0438\u043a\u0430 \u0425\u043c\u0435\u043b\u044c\u043d\u0438\u0446\u044c\u043a\u0430 \u0421\u0442\u0456\u043d\u0430", "league": 2, "description": ""}}, {"model": "volunteer.achievement", "pk": 16, "fields": {"achievement": "\u041c\u0430\u0432\u043a\u0430 \u0432 \u043c\u0456\u0441\u0442\u0456", "league": 2, "description": ""}}, {"model": "volunteer.achievement", "pk": 17, "fields": {"achievement": "\u0414\u043e\u043a\u0442\u043e\u0440 \u0410\u0439\u0431\u043e\u043b\u0456\u0442", "league": 2, "description": ""}}, {"model": "volunteer.achievement", "pk": 18, "fields": {"achievement": "Purge the Unclean!", "league": 2, "description": ""}}, {"model": "volunteer.achievement", "pk": 19, "fields": {"achievement": "\u0414\u0435\u043a\u0441\u0442\u0435\u0440 \u041c\u043e\u0440\u0433\u0430\u043d", "league": 2, "description": ""}}, {"model": "volunteer.achievement", "pk": 20, "fields": {"achievement": "\u0413\u043e\u043b\u043e\u0432\u0443 \u0432\u0434\u043e\u043c\u0430 \u0437\u0430\u0431\u0443\u0432?", "league": 2, "description": ""}}, {"model": "volunteer.achievement", "pk": 21, "fields": {"achievement": "\u041c\u0456\u0441 \u041f\u043e\u043c\u0444\u0440\u0456", "league": 2, "description": ""}}, {"model": "volunteer.achievement", "pk": 22, "fields": {"achievement": "\u042f \u043d\u0430 \u0441\u0430\u043f\u043e\u0440\u0442\u0456", "league": 2, "description": ""}}, {"model": "volunteer.achievement", "pk": 23, "fields": {"achievement": "\u0427\u0456\u043f \u0456 \u0434\u0435\u0439\u043b \u0441\u043f\u0456\u0448\u0430\u0442\u044c \u043d\u0430 \u0434\u043e\u043f\u043e\u043c\u043e\u0433\u0443", "league": 2, "description": ""}}, {"model": "volunteer.achievement", "pk": 24, "fields": {"achievement": "\u0417\u0430 \u0456\u043c\u043f\u0435\u0440\u0430\u0442\u043e\u0440\u0430!", "league": 2, "description": ""}}, {"model": "volunteer.achievement", "pk": 25, "fields": {"achievement": "\u041a\u0438\u0439, \u0429\u0435\u043a, \u0425\u043e\u0440\u0438\u0432 \u0456 \u041b\u0438\u0431\u0456\u0434\u044c", "league": 3, "description": ""}}, {"model": "volunteer.achievement", "pk": 26, "fields": {"achievement": "\u042f - \u0432\u0430\u0440\u0442\u043e\u0432\u0438\u0439 \u043d\u0430 \u0441\u0442\u0456\u043d\u0456!", "league": 3, "description": ""}}, {"model": "volunteer.achievement", "pk": 27, "fields": {"achievement": "30 \u0441\u0440\u0456\u0431\u043d\u044f\u043a\u0456\u0432", "league": 3, "description": ""}}, {"model": "volunteer.achievement", "pk": 28, "fields": {"achievement": "\u041f\u043e\u0434\u0432\u0456\u0439\u043d\u0430 \u0448\u0430\u0443\u0440\u043c\u0430", "league": 3, "description": ""}}, {"model": "volunteer.achievement", "pk": 29, "fields": {"achievement": "\u0422\u0456\u0442\u043e\u043d\u044c\u043a\u0430 \u0421\u043e\u0432\u0430", "league": 3, "description": ""}}, {"model": "volunteer.achievement", "pk": 30, "fields": {"achievement": "\u0420\u043e\u0431\u0456\u043d \u0413\u0443\u0434", "league": 3, "description": ""}}, {"model": "volunteer.achievement", "pk": 31, "fields": {"achievement": "\u041f\u043e\u0442\u0440\u0456\u0431\u043d\u043e \u0431\u0456\u043b\u044c\u0448\u0435 \u0437\u043e\u043b\u043e\u0442\u0430!", "league": 3, "description": ""}}, {"model": "volunteer.achievement", "pk": 32, "fields": {"achievement": "\u0417 \u043c\u0456\u0441\u0442\u0435\u0440 \u041f\u0440\u043e\u043f\u0435\u0440 \u0432\u0435\u0441\u0435\u043b\u0456\u0448\u0435, \u043f\u0440\u0438\u0431\u0438\u0440\u0430\u0442\u0438 \u0432\u0434\u0432\u0456\u0447\u0456 \u0448\u0432\u0438\u0434\u0448\u0435", "league": 3, "description": ""}}, {"model": "volunteer.achievement", "pk": 33, "fields": {"achievement": "\u0421\u0438\u0440\u043e\u0432\u0430\u0442\u043a\u0430 \u043f\u0440\u0430\u0432\u0434\u0438", "league": 4, "description": ""}}, {"model": "volunteer.achievement", "pk": 34, "fields": {"achievement": "\u0417\u043e\u0440\u044f\u043d\u0438\u0439 \u043f\u0430\u0442\u0440\u0443\u043b\u044c", "league": 4, "description": ""}}, {"model": "volunteer.achievement", "pk": 35, "fields": {"achievement": "\u0412\u0441\u0456\u043c \u0432\u0438\u0439\u0442\u0438 \u0437 \u0441\u0443\u0442\u0456\u043d\u043a\u0456\u0432!", "league": 4, "description": ""}}, {"model": "volunteer.achievement", "pk": 36, "fields": {"achievement": "\u0415\u0439\u0441 \u0412\u0435\u043d\u0442\u0443\u0440\u0430", "league": 4, "description": ""}}, {"model": "volunteer.achievement", "pk": 37, "fields": {"achievement": "\u042f\u043a \u0442\u043e\u0431\u0456 \u0442\u0430\u043a\u0435 \u0406\u043b\u043e\u043d \u041c\u0430\u0441\u043a?", "league": 4, "description": ""}}, {"model": "volunteer.achievement", "pk": 38, "fields": {"achievement": "\u0428\u043a\u0430\u0440\u043f\u0435\u0442\u043a\u0430 \u0434\u043b\u044f \u0414\u043e\u0431\u0431\u0456", "league": 4, "description": ""}}, {"model": "volunteer.achievement", "pk": 39, "fields": {"achievement": "\u0423\u043b\u044e\u0431\u043b\u0435\u043d\u0435\u0446\u044c \u0413\u0430\u043d\u0456\u0431\u0430\u043b\u0430 \u041b\u0435\u043a\u0442\u043e\u0440\u0430", "league": 4, "description": ""}}, {"model": "volunteer.achievement", "pk": 40, "fields": {"achievement": "\u0412\u0430\u0432\u0438\u043b\u043e\u043d\u0441\u044c\u043a\u0430 \u0432\u0435\u0436\u0430", "league": 4, "description": ""}}, {"model": "volunteer.achievement", "pk": 41, "fields": {"achievement": "\u041c\u0456\u0441\u044c\u043a\u0438\u0439 \u0435\u043b\u044c\u0444", "league": 4, "description": ""}}, {"model": "volunteer.achievement", "pk": 42, "fields": {"achievement": "\u042f \u0431\u0456\u043b\u044c\u0448\u0435 \u043d\u0435 \u0431\u0443\u0434\u0443 \u0431\u0440\u0435\u0445\u0430\u0442\u0438!", "league": 5, "description": ""}}, {"model": "volunteer.achievement", "pk": 43, "fields": {"achievement": "\u0417\u0432\u0456\u0440\u0456 \u0425\u043c\u0435\u043b\u044c\u043d\u0438\u0446\u044c\u043a\u043e\u0433\u043e \u0456 \u0434\u0435 \u0457\u0445 \u0448\u0443\u043a\u0430\u0442\u0438", "league": 5, "description": ""}}, {"model": "volunteer.achievement", "pk": 44, "fields": {"achievement": "\u0426\u044c\u043e\u043c\u0443 \u043c\u0456\u0441\u0442\u0443 \u043f\u043e\u0442\u0440\u0456\u0431\u0435\u043d \u0433\u0435\u0440\u043e\u0439", "league": 5, "description": ""}}, {"model": "volunteer.achievement", "pk": 45, "fields": {"achievement": "\u0429\u0435 \u043e\u0434\u0438\u043d \u0437 \u0441\u0456\u043c'\u0457 \u0423\u0435\u0439\u043d\u0456\u0432", "league": 5, "description": ""}}, {"model": "volunteer.achievement", "pk": 46, "fields": {"achievement": "\u0411\u0440\u0430\u043d \u0411\u0443\u0434\u0456\u0432\u043d\u0438\u043a", "league": 5, "description": ""}}, {"model": "volunteer.achievement", "pk": 47, "fields": {"achievement": "\u0410\u0432\u0434\u0456\u0454\u0432\u0456 \u0441\u0442\u0430\u0439\u043d\u0456", "league": 5, "description": ""}}, {"model": "volunteer.achievement", "pk": 48, "fields": {"achievement": "\u042f\u0437\u0438\u043a \u0415\u0439\u043d\u0448\u0442\u0435\u0439\u043d\u0430", "league": 5, "description": ""}}, {"model": "volunteer.achievementvalue", "pk": 1, "fields": {"achievement": 1, "currency": 2, "quantity": 30}}, {"model": "volunteer.achievementvalue", "pk": 2, "fields": {"achievement": 1, "currency": 6, "quantity": 10}}, {"model": "volunteer.achievementvalue", "pk": 3, "fields": {"achievement": 2, "currency": 2, "quantity": 50}}, {"model": "volunteer.achievementvalue", "pk": 4, "fields": {"achievement": 3, "currency": 1, "quantity": 50}}, {"model": "volunteer.achievementvalue", "pk": 5, "fields": {"achievement": 4, "currency": 8, "quantity": 50}}, {"model": "volunteer.achievementvalue", "pk": 6, "fields": {"achievement": 5, "currency": 1, "quantity": 50}}, {"model": "volunteer.achievementvalue", "pk": 7, "fields": {"achievement": 6, "currency": 7, "quantity": 50}}, {"model": "volunteer.achievementvalue", "pk": 8, "fields": {"achievement": 8, "currency": 5, "quantity": 45}}, {"model": "volunteer.achievementvalue", "pk": 9, "fields": {"achievement": 9, "currency": 4, "quantity": 45}}, {"model": "volunteer.achievementvalue", "pk": 10, "fields": {"achievement": 10, "currency": 8, "quantity": 50}}, {"model": "volunteer.achievementvalue", "pk": 11, "fields": {"achievement": 11, "currency": 6, "quantity": 30}}, {"model": "volunteer.achievementvalue", "pk": 12, "fields": {"achievement": 11, "currency": 4, "quantity": 20}}, {"model": "volunteer.achievementvalue", "pk": 13, "fields": {"achievement": 12, "currency": 3, "quantity": 50}}, {"model": "volunteer.achievementvalue", "pk": 14, "fields": {"achievement": 13, "currency": 3, "quantity": 50}}, {"model": "volunteer.achievementvalue", "pk": 15, "fields": {"achievement": 14, "currency": 8, "quantity": 20}}, {"model": "volunteer.achievementvalue", "pk": 16, "fields": {"achievement": 14, "currency": 6, "quantity": 20}}, {"model": "volunteer.achievementvalue", "pk": 17, "fields": {"achievement": 15, "currency": 1, "quantity": 100}}, {"model": "volunteer.achievementvalue", "pk": 18, "fields": {"achievement": 16, "currency": 2, "quantity": 80}}, {"model": "volunteer.achievementvalue", "pk": 19, "fields": {"achievement": 17, "currency": 7, "quantity": 60}}, {"model": "volunteer.achievementvalue", "pk": 20, "fields": {"achievement": 17, "currency": 3, "quantity": 20}}, {"model": "volunteer.achievementvalue", "pk": 21, "fields": {"achievement": 18, "currency": 2, "quantity": 65}}, {"model": "volunteer.achievementvalue", "pk": 22, "fields": {"achievement": 19, "currency": 5, "quantity": 100}}, {"model": "volunteer.achievementvalue", "pk": 23, "fields": {"achievement": 20, "currency": 4, "quantity": 80}}, {"model": "volunteer.achievementvalue", "pk": 24, "fields": {"achievement": 21, "currency": 3, "quantity": 60}}, {"model": "volunteer.achievementvalue", "pk": 25, "fields": {"achievement": 22, "currency": 3, "quantity": 50}}, {"model": "volunteer.achievementvalue", "pk": 26, "fields": {"achievement": 23, "currency": 8, "quantity": 100}}, {"model": "volunteer.achievementvalue", "pk": 27, "fields": {"achievement": 24, "currency": 6, "quantity": 90}}, {"model": "volunteer.achievementvalue", "pk": 28, "fields": {"achievement": 25, "currency": 1, "quantity": 130}}, {"model": "volunteer.achievementvalue", "pk": 29, "fields": {"achievement": 26, "currency": 1, "quantity": 120}}, {"model": "volunteer.achievementvalue", "pk": 30, "fields": {"achievement": 28, "currency": 7, "quantity": 150}}, {"model": "volunteer.achievementvalue", "pk": 31, "fields": {"achievement": 29, "currency": 4, "quantity": 140}}, {"model": "volunteer.achievementvalue", "pk": 32, "fields": {"achievement": 30, "currency": 5, "quantity": 125}}, {"model": "volunteer.achievementvalue", "pk": 33, "fields": {"achievement": 31, "currency": 8, "quantity": 170}}, {"model": "volunteer.achievementvalue", "pk": 34, "fields": {"achievement": 32, "currency": 2, "quantity": 180}}, {"model": "volunteer.achievementvalue", "pk": 35, "fields": {"achievement": 33, "currency": 5, "quantity": 180}}, {"model": "volunteer.achievementvalue", "pk": 36, "fields": {"achievement": 34, "currency": 6, "quantity": 250}}, {"model": "volunteer.achievementvalue", "pk": 37, "fields": {"achievement": 35, "currency": 6, "quantity": 250}}, {"model": "volunteer.achievementvalue", "pk": 38, "fields": {"achievement": 36, "currency": 7, "quantity": 200}}, {"model": "volunteer.achievementvalue", "pk": 39, "fields": {"achievement": 37, "currency": 4, "quantity": 230}}, {"model": "volunteer.achievementvalue", "pk": 40, "fields": {"achievement": 38, "currency": 8, "quantity": 230}}, {"model": "volunteer.achievementvalue", "pk": 41, "fields": {"achievement": 39, "currency": 3, "quantity": 200}}, {"model": "volunteer.achievementvalue", "pk": 42, "fields": {"achievement": 40, "currency": 1, "quantity": 215}}, {"model": "volunteer.achievementvalue", "pk": 43, "fields": {"achievement": 41, "currency": 2, "quantity": 140}}, {"model": "volunteer.achievementvalue", "pk": 44, "fields": {"achievement": 41, "currency": 8, "quantity": 70}}, {"model": "volunteer.achievementvalue", "pk": 45, "fields": {"achievement": 42, "currency": 5, "quantity": 300}}, {"model": "volunteer.achievementvalue", "pk": 46, "fields": {"achievement": 43, "currency": 7, "quantity": 300}}, {"model": "volunteer.achievementvalue", "pk": 47, "fields": {"achievement": 44, "currency": 6, "quantity": 150}}, {"model": "volunteer.achievementvalue", "pk": 48, "fields": {"achievement": 44, "currency": 8, "quantity": 125}}, {"model": "volunteer.achievementvalue", "pk": 49, "fields": {"achievement": 45, "currency": 8, "quantity": 320}}, {"model": "volunteer.achievementvalue", "pk": 50, "fields": {"achievement": 46, "currency": 1, "quantity": 300}}, {"model": "volunteer.achievementvalue", "pk": 51, "fields": {"achievement": 47, "currency": 2, "quantity": 300}}, {"model": "volunteer.achievementvalue", "pk": 52, "fields": {"achievement": 48, "currency": 4, "quantity": 300}}, {"model": "admin.logentry", "pk": 1, "fields": {"action_time": "2018-08-30T08:11:46.334Z", "user": 2, "content_type": 12, "object_id": "1", "object_repr": "\u0425\u043c\u0435\u043b\u044c\u043d\u0438\u0446\u044c\u043a\u0438\u0439", "action_flag": 1, "change_message": "[{\"added\": {}}]"}}, {"model": "admin.logentry", "pk": 2, "fields": {"action_time": "2018-08-30T08:13:11.878Z", "user": 2, "content_type": 23, "object_id": "1", "object_repr": "\u041a\u0430\u0441\u0438\u0440 | \u0425\u043c\u0435\u043b\u044c\u043d\u0438\u0446\u044c\u043a\u0438\u0439", "action_flag": 1, "change_message": "[{\"added\": {}}]"}}, {"model": "admin.logentry", "pk": 3, "fields": {"action_time": "2018-08-30T08:13:33.363Z", "user": 2, "content_type": 23, "object_id": "2", "object_repr": "\u0416\u0438\u0442\u0435\u043b\u044c | \u0425\u043c\u0435\u043b\u044c\u043d\u0438\u0446\u044c\u043a\u0438\u0439", "action_flag": 1, "change_message": "[{\"added\": {}}]"}}, {"model": "admin.logentry", "pk": 4, "fields": {"action_time": "2018-08-30T09:47:45.142Z", "user": 2, "content_type": 21, "object_id": "1", "object_repr": "\u0423\u0440\u0431\u0430\u043d\u0456\u0437\u043c", "action_flag": 1, "change_message": "[{\"added\": {}}]"}}, {"model": "admin.logentry", "pk": 5, "fields": {"action_time": "2018-08-30T09:47:53.649Z", "user": 2, "content_type": 21, "object_id": "2", "object_repr": "\u0411\u043b\u0430\u0433\u043e\u0434\u0456\u0439\u043d\u0438\u0446\u0442\u0432\u043e", "action_flag": 1, "change_message": "[{\"added\": {}}]"}}, {"model": "admin.logentry", "pk": 6, "fields": {"action_time": "2018-08-30T09:47:59.122Z", "user": 2, "content_type": 21, "object_id": "3", "object_repr": "\u0412\u0430\u0440\u0442\u0430", "action_flag": 1, "change_message": "[{\"added\": {}}]"}}, {"model": "admin.logentry", "pk": 7, "fields": {"action_time": "2018-08-30T09:48:07.380Z", "user": 2, "content_type": 21, "object_id": "4", "object_repr": "\u0414\u043e\u043d\u043e\u0440\u0441\u0442\u0432\u043e", "action_flag": 1, "change_message": "[{\"added\": {}}]"}}, {"model": "admin.logentry", "pk": 8, "fields": {"action_time": "2018-08-30T09:48:19.785Z", "user": 2, "content_type": 21, "object_id": "5", "object_repr": "\u041a\u043e\u0442\u0438\u043a\u0438", "action_flag": 1, "change_message": "[{\"added\": {}}]"}}, {"model": "admin.logentry", "pk": 9, "fields": {"action_time": "2018-08-30T09:48:29.218Z", "user": 2, "content_type": 21, "object_id": "5", "object_repr": "\u041a\u043e\u0442\u0438\u043a\u0438", "action_flag": 3, "change_message": ""}}, {"model": "admin.logentry", "pk": 10, "fields": {"action_time": "2018-08-30T09:48:41.238Z", "user": 2, "content_type": 21, "object_id": "6", "object_repr": "\u041e\u0441\u0432\u0456\u0442\u0430", "action_flag": 1, "change_message": "[{\"added\": {}}]"}}, {"model": "admin.logentry", "pk": 11, "fields": {"action_time": "2018-08-30T09:48:48.258Z", "user": 2, "content_type": 21, "object_id": "7", "object_repr": "\u041f\u0440\u043e\u0437\u043e\u0440\u0456\u0441\u0442\u044c", "action_flag": 1, "change_message": "[{\"added\": {}}]"}}, {"model": "admin.logentry", "pk": 12, "fields": {"action_time": "2018-08-30T09:48:53.683Z", "user": 2, "content_type": 21, "object_id": "8", "object_repr": "\u0422\u043e\u043b\u043e\u043a\u0430", "action_flag": 1, "change_message": "[{\"added\": {}}]"}}, {"model": "admin.logentry", "pk": 13, "fields": {"action_time": "2018-08-30T09:49:12.598Z", "user": 2, "content_type": 21, "object_id": "9", "object_repr": "\u041a\u043e\u0442\u0438\u043a\u0438", "action_flag": 1, "change_message": "[{\"added\": {}}]"}}, {"model": "admin.logentry", "pk": 14, "fields": {"action_time": "2018-08-30T13:19:57.099Z", "user": 2, "content_type": 25, "object_id": "1", "object_repr": "\u041f\u043e\u0442\u0440\u0435\u0431\u0443\u0454 \u0434\u043e\u043f\u043e\u043c\u043e\u0433\u0438 \u0432 \u043f\u0456\u0434\u0433\u043e\u0442\u043e\u0432\u0446\u0456", "action_flag": 1, "change_message": "[{\"added\": {}}]"}}, {"model": "admin.logentry", "pk": 15, "fields": {"action_time": "2018-08-30T13:20:20.812Z", "user": 2, "content_type": 25, "object_id": "2", "object_repr": "\u0413\u043e\u0442\u043e\u0432\u0430 \u0434\u043e \u043f\u0440\u043e\u0432\u0435\u0434\u0435\u043d\u043d\u044f", "action_flag": 1, "change_message": "[{\"added\": {}}]"}}, {"model": "admin.logentry", "pk": 16, "fields": {"action_time": "2018-08-30T13:20:28.887Z", "user": 2, "content_type": 25, "object_id": "3", "object_repr": "\u041f\u0440\u043e\u0432\u0435\u0434\u0435\u043d\u043e", "action_flag": 1, "change_message": "[{\"added\": {}}]"}}, {"model": "admin.logentry", "pk": 17, "fields": {"action_time": "2018-08-30T13:20:39.573Z", "user": 2, "content_type": 25, "object_id": "4", "object_repr": "\u0412\u0456\u0434\u043c\u0456\u043d\u0435\u043d\u043e", "action_flag": 1, "change_message": "[{\"added\": {}}]"}}, {"model": "admin.logentry", "pk": 18, "fields": {"action_time": "2018-09-01T12:36:03.084Z", "user": 2, "content_type": 16, "object_id": "29", "object_repr": "\u0406\u0432\u0435\u043d\u04422 | None", "action_flag": 3, "change_message": ""}}, {"model": "admin.logentry", "pk": 19, "fields": {"action_time": "2018-09-01T12:36:03.187Z", "user": 2, "content_type": 16, "object_id": "28", "object_repr": "\u0406\u0432\u0435\u043d\u04422 | None", "action_flag": 3, "change_message": ""}}, {"model": "admin.logentry", "pk": 20, "fields": {"action_time": "2018-09-01T12:36:03.267Z", "user": 2, "content_type": 16, "object_id": "27", "object_repr": "\u0406\u0432\u0435\u043d\u04422 | None", "action_flag": 3, "change_message": ""}}, {"model": "admin.logentry", "pk": 21, "fields": {"action_time": "2018-09-01T12:36:03.345Z", "user": 2, "content_type": 16, "object_id": "26", "object_repr": "\u0406\u0432\u0435\u043d\u04422 | None", "action_flag": 3, "change_message": ""}}, {"model": "admin.logentry", "pk": 22, "fields": {"action_time": "2018-09-01T12:36:03.501Z", "user": 2, "content_type": 16, "object_id": "25", "object_repr": "\u0406\u0432\u0435\u043d\u04422 | None", "action_flag": 3, "change_message": ""}}, {"model": "admin.logentry", "pk": 23, "fields": {"action_time": "2018-09-01T12:36:03.589Z", "user": 2, "content_type": 16, "object_id": "24", "object_repr": "\u0406\u0432\u0435\u043d\u04422 | None", "action_flag": 3, "change_message": ""}}, {"model": "admin.logentry", "pk": 24, "fields": {"action_time": "2018-09-01T12:36:03.674Z", "user": 2, "content_type": 16, "object_id": "23", "object_repr": "\u0406\u0432\u0435\u043d\u04422 | None", "action_flag": 3, "change_message": ""}}, {"model": "admin.logentry", "pk": 25, "fields": {"action_time": "2018-09-01T12:36:03.773Z", "user": 2, "content_type": 16, "object_id": "22", "object_repr": "\u0406\u0432\u0435\u043d\u04422 | None", "action_flag": 3, "change_message": ""}}, {"model": "admin.logentry", "pk": 26, "fields": {"action_time": "2018-09-01T12:36:03.869Z", "user": 2, "content_type": 16, "object_id": "21", "object_repr": "\u0406\u0432\u0435\u043d\u04422 | None", "action_flag": 3, "change_message": ""}}, {"model": "admin.logentry", "pk": 27, "fields": {"action_time": "2018-09-01T12:36:03.954Z", "user": 2, "content_type": 16, "object_id": "20", "object_repr": "\u0406\u0432\u0435\u043d\u04422 | None", "action_flag": 3, "change_message": ""}}, {"model": "admin.logentry", "pk": 28, "fields": {"action_time": "2018-09-01T12:36:04.049Z", "user": 2, "content_type": 16, "object_id": "19", "object_repr": "\u0406\u0432\u0435\u043d\u04422 | None", "action_flag": 3, "change_message": ""}}, {"model": "admin.logentry", "pk": 29, "fields": {"action_time": "2018-09-01T12:36:04.138Z", "user": 2, "content_type": 16, "object_id": "18", "object_repr": "\u0406\u0432\u0435\u043d\u04422 | None", "action_flag": 3, "change_message": ""}}, {"model": "admin.logentry", "pk": 30, "fields": {"action_time": "2018-09-01T12:36:04.230Z", "user": 2, "content_type": 16, "object_id": "17", "object_repr": "\u0406\u0432\u0435\u043d\u04422 | None", "action_flag": 3, "change_message": ""}}, {"model": "admin.logentry", "pk": 31, "fields": {"action_time": "2018-09-01T12:36:04.320Z", "user": 2, "content_type": 16, "object_id": "16", "object_repr": "\u0406\u0432\u0435\u043d\u04422 | None", "action_flag": 3, "change_message": ""}}, {"model": "admin.logentry", "pk": 32, "fields": {"action_time": "2018-09-01T12:36:04.406Z", "user": 2, "content_type": 16, "object_id": "15", "object_repr": "\u0406\u0432\u0435\u043d\u04422 | None", "action_flag": 3, "change_message": ""}}, {"model": "admin.logentry", "pk": 33, "fields": {"action_time": "2018-09-01T12:36:04.502Z", "user": 2, "content_type": 16, "object_id": "14", "object_repr": "\u0406\u0432\u0435\u043d\u04422 | None", "action_flag": 3, "change_message": ""}}, {"model": "admin.logentry", "pk": 34, "fields": {"action_time": "2018-09-01T12:36:04.621Z", "user": 2, "content_type": 16, "object_id": "13", "object_repr": "\u0406\u0432\u0435\u043d\u04422 | None", "action_flag": 3, "change_message": ""}}, {"model": "admin.logentry", "pk": 35, "fields": {"action_time": "2018-09-01T12:36:04.639Z", "user": 2, "content_type": 16, "object_id": "12", "object_repr": "\u0406\u0432\u0435\u043d\u04422 | None", "action_flag": 3, "change_message": ""}}, {"model": "admin.logentry", "pk": 36, "fields": {"action_time": "2018-09-01T12:36:04.645Z", "user": 2, "content_type": 16, "object_id": "11", "object_repr": "\u0406\u0432\u0435\u043d\u04422 | None", "action_flag": 3, "change_message": ""}}, {"model": "admin.logentry", "pk": 37, "fields": {"action_time": "2018-09-01T12:36:04.651Z", "user": 2, "content_type": 16, "object_id": "10", "object_repr": "\u0406\u0432\u0435\u043d\u04422 | None", "action_flag": 3, "change_message": ""}}, {"model": "admin.logentry", "pk": 38, "fields": {"action_time": "2018-09-01T12:36:04.656Z", "user": 2, "content_type": 16, "object_id": "9", "object_repr": "\u0406\u0432\u0435\u043d\u04422 | None", "action_flag": 3, "change_message": ""}}, {"model": "admin.logentry", "pk": 39, "fields": {"action_time": "2018-09-01T12:36:04.662Z", "user": 2, "content_type": 16, "object_id": "8", "object_repr": "\u0406\u0432\u0435\u043d\u04422 | None", "action_flag": 3, "change_message": ""}}, {"model": "admin.logentry", "pk": 40, "fields": {"action_time": "2018-09-01T12:36:04.667Z", "user": 2, "content_type": 16, "object_id": "7", "object_repr": "\u0406\u0432\u0435\u043d\u04422 | None", "action_flag": 3, "change_message": ""}}, {"model": "admin.logentry", "pk": 41, "fields": {"action_time": "2018-09-01T12:36:04.673Z", "user": 2, "content_type": 16, "object_id": "6", "object_repr": "\u0406\u0432\u0435\u043d\u04422 | None", "action_flag": 3, "change_message": ""}}, {"model": "admin.logentry", "pk": 42, "fields": {"action_time": "2018-09-01T12:36:04.679Z", "user": 2, "content_type": 16, "object_id": "5", "object_repr": "\u0406\u0432\u0435\u043d\u04422 | None", "action_flag": 3, "change_message": ""}}, {"model": "admin.logentry", "pk": 43, "fields": {"action_time": "2018-09-01T12:36:04.685Z", "user": 2, "content_type": 16, "object_id": "4", "object_repr": "\u0406\u0432\u0435\u043d\u04422 | None", "action_flag": 3, "change_message": ""}}, {"model": "admin.logentry", "pk": 44, "fields": {"action_time": "2018-09-01T12:36:04.691Z", "user": 2, "content_type": 16, "object_id": "3", "object_repr": "\u0406\u0432\u0435\u043d\u04422 | None", "action_flag": 3, "change_message": ""}}, {"model": "admin.logentry", "pk": 45, "fields": {"action_time": "2018-09-01T12:36:04.697Z", "user": 2, "content_type": 16, "object_id": "2", "object_repr": "\u0406\u0432\u0435\u043d\u04421 | 2018-08-09 00:00:00+00:00", "action_flag": 3, "change_message": ""}}, {"model": "admin.logentry", "pk": 46, "fields": {"action_time": "2018-09-01T14:41:51.433Z", "user": 2, "content_type": 16, "object_id": "31", "object_repr": "\u0406\u0432\u0435\u043d\u04423 | None", "action_flag": 1, "change_message": "[{\"added\": {}}]"}}, {"model": "admin.logentry", "pk": 47, "fields": {"action_time": "2018-09-01T17:53:23.438Z", "user": 2, "content_type": 26, "object_id": "5", "object_repr": "\u041e\u043a\u0441\u0430\u043d\u0430 | \u0421\u0430\u0432\u0438\u0446\u044c\u043a\u0430", "action_flag": 2, "change_message": "[{\"changed\": {\"fields\": [\"first_name\", \"last_name\"]}}]"}}, {"model": "admin.logentry", "pk": 48, "fields": {"action_time": "2018-09-02T06:40:48.859Z", "user": 2, "content_type": 14, "object_id": "8", "object_repr": "DigestList object (8)", "action_flag": 3, "change_message": ""}}, {"model": "admin.logentry", "pk": 49, "fields": {"action_time": "2018-09-02T06:40:48.865Z", "user": 2, "content_type": 14, "object_id": "7", "object_repr": "DigestList object (7)", "action_flag": 3, "change_message": ""}}, {"model": "admin.logentry", "pk": 50, "fields": {"action_time": "2018-09-02T06:40:48.868Z", "user": 2, "content_type": 14, "object_id": "6", "object_repr": "DigestList object (6)", "action_flag": 3, "change_message": ""}}, {"model": "admin.logentry", "pk": 51, "fields": {"action_time": "2018-09-02T06:40:48.870Z", "user": 2, "content_type": 14, "object_id": "5", "object_repr": "DigestList object (5)", "action_flag": 3, "change_message": ""}}, {"model": "admin.logentry", "pk": 52, "fields": {"action_time": "2018-09-02T06:40:48.872Z", "user": 2, "content_type": 14, "object_id": "4", "object_repr": "DigestList object (4)", "action_flag": 3, "change_message": ""}}, {"model": "admin.logentry", "pk": 53, "fields": {"action_time": "2018-09-02T06:40:48.874Z", "user": 2, "content_type": 14, "object_id": "3", "object_repr": "DigestList object (3)", "action_flag": 3, "change_message": ""}}, {"model": "admin.logentry", "pk": 54, "fields": {"action_time": "2018-09-02T06:40:48.876Z", "user": 2, "content_type": 14, "object_id": "2", "object_repr": "DigestList object (2)", "action_flag": 3, "change_message": ""}}, {"model": "admin.logentry", "pk": 55, "fields": {"action_time": "2018-09-02T06:40:48.880Z", "user": 2, "content_type": 14, "object_id": "1", "object_repr": "DigestList object (1)", "action_flag": 3, "change_message": ""}}, {"model": "admin.logentry", "pk": 56, "fields": {"action_time": "2018-09-02T06:42:05.953Z", "user": 2, "content_type": 14, "object_id": "14", "object_repr": "DigestList object (14)", "action_flag": 3, "change_message": ""}}, {"model": "admin.logentry", "pk": 57, "fields": {"action_time": "2018-09-02T06:42:05.959Z", "user": 2, "content_type": 14, "object_id": "13", "object_repr": "DigestList object (13)", "action_flag": 3, "change_message": ""}}, {"model": "admin.logentry", "pk": 58, "fields": {"action_time": "2018-09-02T06:42:05.961Z", "user": 2, "content_type": 14, "object_id": "12", "object_repr": "DigestList object (12)", "action_flag": 3, "change_message": ""}}, {"model": "admin.logentry", "pk": 59, "fields": {"action_time": "2018-09-02T06:42:05.963Z", "user": 2, "content_type": 14, "object_id": "11", "object_repr": "DigestList object (11)", "action_flag": 3, "change_message": ""}}, {"model": "admin.logentry", "pk": 60, "fields": {"action_time": "2018-09-02T11:36:42.899Z", "user": 2, "content_type": 26, "object_id": "6", "object_repr": "\u0412\u0430\u0441\u044f | \u041f\u0443\u043f\u043a\u0456\u043d", "action_flag": 1, "change_message": "[{\"added\": {}}]"}}, {"model": "admin.logentry", "pk": 61, "fields": {"action_time": "2018-09-02T11:43:41.246Z", "user": 2, "content_type": 20, "object_id": "8", "object_repr": "EventsSubscriber object (8)", "action_flag": 3, "change_message": ""}}, {"model": "admin.logentry", "pk": 62, "fields": {"action_time": "2018-09-02T11:43:41.252Z", "user": 2, "content_type": 20, "object_id": "1", "object_repr": "EventsSubscriber object (1)", "action_flag": 3, "change_message": ""}}, {"model": "admin.logentry", "pk": 63, "fields": {"action_time": "2018-09-02T13:53:54.052Z", "user": 2, "content_type": 16, "object_id": "None", "object_repr": "\u0406\u0432\u0435\u043d\u04425 | 2018-09-02 13:53:48+00:00", "action_flag": 1, "change_message": "[{\"added\": {}}]"}}, {"model": "admin.logentry", "pk": 64, "fields": {"action_time": "2018-09-02T13:56:46.134Z", "user": 2, "content_type": 16, "object_id": "33", "object_repr": "\u0406\u0432\u0435\u043d\u04424 | 2018-09-02 13:56:32+00:00", "action_flag": 1, "change_message": "[{\"added\": {}}]"}}, {"model": "admin.logentry", "pk": 65, "fields": {"action_time": "2018-09-02T13:59:11.130Z", "user": 2, "content_type": 16, "object_id": "34", "object_repr": "\u0406\u0432\u0435\u043d\u044210 | 2018-09-02 13:59:02+00:00", "action_flag": 1, "change_message": "[{\"added\": {}}]"}}, {"model": "admin.logentry", "pk": 66, "fields": {"action_time": "2018-09-02T23:11:22.559Z", "user": 2, "content_type": 31, "object_id": "1", "object_repr": "\u0426\u0435\u0433\u043b\u0438\u043a\u0438", "action_flag": 1, "change_message": "[{\"added\": {}}]"}}, {"model": "admin.logentry", "pk": 67, "fields": {"action_time": "2018-09-02T23:12:24.238Z", "user": 2, "content_type": 31, "object_id": "2", "object_repr": "\u041b\u0438\u0441\u0442\u043e\u0447\u043a\u0438", "action_flag": 1, "change_message": "[{\"added\": {}}]"}}, {"model": "admin.logentry", "pk": 68, "fields": {"action_time": "2018-09-02T23:12:44.135Z", "user": 2, "content_type": 31, "object_id": "3", "object_repr": "\u041a\u0430\u043f\u043b\u044f", "action_flag": 1, "change_message": "[{\"added\": {}}]"}}, {"model": "admin.logentry", "pk": 69, "fields": {"action_time": "2018-09-02T23:14:46.304Z", "user": 2, "content_type": 31, "object_id": "4", "object_repr": "\u0412\u0438\u043f\u0443\u0441\u043a\u043d\u0438\u043a\u0438", "action_flag": 1, "change_message": "[{\"added\": {}}]"}}, {"model": "admin.logentry", "pk": 70, "fields": {"action_time": "2018-09-02T23:15:33.979Z", "user": 2, "content_type": 31, "object_id": "5", "object_repr": "\u0412\u0430\u0433\u0438", "action_flag": 1, "change_message": "[{\"added\": {}}]"}}, {"model": "admin.logentry", "pk": 71, "fields": {"action_time": "2018-09-02T23:15:53.667Z", "user": 2, "content_type": 31, "object_id": "6", "object_repr": "\u0412\u0430\u0440\u0442\u0438\u043a\u0438", "action_flag": 1, "change_message": "[{\"added\": {}}]"}}, {"model": "admin.logentry", "pk": 72, "fields": {"action_time": "2018-09-02T23:16:16.858Z", "user": 2, "content_type": 31, "object_id": "7", "object_repr": "\u041b\u0430\u043f\u043a\u0438", "action_flag": 1, "change_message": "[{\"added\": {}}]"}}, {"model": "admin.logentry", "pk": 73, "fields": {"action_time": "2018-09-02T23:16:44.472Z", "user": 2, "content_type": 31, "object_id": "8", "object_repr": "\u0411\u043b\u0430\u0433\u0440\u043e\u0448\u0456", "action_flag": 1, "change_message": "[{\"added\": {}}]"}}, {"model": "admin.logentry", "pk": 74, "fields": {"action_time": "2018-09-02T23:18:02.397Z", "user": 2, "content_type": 38, "object_id": "1", "object_repr": "UserPoint object (1)", "action_flag": 1, "change_message": "[{\"added\": {}}]"}}, {"model": "admin.logentry", "pk": 75, "fields": {"action_time": "2018-09-02T23:18:10.766Z", "user": 2, "content_type": 38, "object_id": "2", "object_repr": "UserPoint object (2)", "action_flag": 1, "change_message": "[{\"added\": {}}]"}}, {"model": "admin.logentry", "pk": 76, "fields": {"action_time": "2018-09-02T23:18:21.096Z", "user": 2, "content_type": 38, "object_id": "3", "object_repr": "UserPoint object (3)", "action_flag": 1, "change_message": "[{\"added\": {}}]"}}, {"model": "admin.logentry", "pk": 77, "fields": {"action_time": "2018-09-02T23:18:50.579Z", "user": 2, "content_type": 38, "object_id": "4", "object_repr": "UserPoint object (4)", "action_flag": 1, "change_message": "[{\"added\": {}}]"}}, {"model": "admin.logentry", "pk": 78, "fields": {"action_time": "2018-09-02T23:19:12.503Z", "user": 2, "content_type": 38, "object_id": "5", "object_repr": "UserPoint object (5)", "action_flag": 1, "change_message": "[{\"added\": {}}]"}}, {"model": "admin.logentry", "pk": 79, "fields": {"action_time": "2018-09-02T23:19:22.500Z", "user": 2, "content_type": 38, "object_id": "6", "object_repr": "UserPoint object (6)", "action_flag": 1, "change_message": "[{\"added\": {}}]"}}, {"model": "admin.logentry", "pk": 80, "fields": {"action_time": "2018-09-02T23:19:34.136Z", "user": 2, "content_type": 38, "object_id": "7", "object_repr": "UserPoint object (7)", "action_flag": 1, "change_message": "[{\"added\": {}}]"}}, {"model": "admin.logentry", "pk": 81, "fields": {"action_time": "2018-09-02T23:19:52.506Z", "user": 2, "content_type": 38, "object_id": "8", "object_repr": "UserPoint object (8)", "action_flag": 1, "change_message": "[{\"added\": {}}]"}}, {"model": "admin.logentry", "pk": 82, "fields": {"action_time": "2018-09-02T23:21:53.451Z", "user": 2, "content_type": 26, "object_id": "5", "object_repr": "\u041e\u043a\u0441\u0430\u043d\u0430 | \u0421\u0430\u0432\u0438\u0446\u044c\u043a\u0430", "action_flag": 2, "change_message": "[{\"changed\": {\"fields\": [\"photo\"]}}]"}}, {"model": "admin.logentry", "pk": 83, "fields": {"action_time": "2018-09-03T00:19:39.090Z", "user": 2, "content_type": 36, "object_id": "1", "object_repr": "\u041f\u043b\u0430\u0441\u0442\u0438\u043a\u043e\u0432\u0430 \u043b\u0456\u0433\u0430", "action_flag": 1, "change_message": "[{\"added\": {}}]"}}, {"model": "admin.logentry", "pk": 84, "fields": {"action_time": "2018-09-03T00:19:53.741Z", "user": 2, "content_type": 36, "object_id": "2", "object_repr": "\u0411\u0440\u043e\u043d\u0437\u043e\u0432\u0430 \u043b\u0456\u0433\u0430", "action_flag": 1, "change_message": "[{\"added\": {}}]"}}, {"model": "admin.logentry", "pk": 85, "fields": {"action_time": "2018-09-03T00:20:06.778Z", "user": 2, "content_type": 36, "object_id": "3", "object_repr": "\u0421\u0440\u0456\u0431\u043d\u0430 \u043b\u0456\u0433\u0430", "action_flag": 1, "change_message": "[{\"added\": {}}]"}}, {"model": "admin.logentry", "pk": 86, "fields": {"action_time": "2018-09-03T00:20:18.750Z", "user": 2, "content_type": 36, "object_id": "4", "object_repr": "\u0417\u043e\u043b\u043e\u0442\u0430 \u043b\u0456\u0433\u0430", "action_flag": 1, "change_message": "[{\"added\": {}}]"}}, {"model": "admin.logentry", "pk": 87, "fields": {"action_time": "2018-09-03T00:20:32.656Z", "user": 2, "content_type": 36, "object_id": "5", "object_repr": "\u041f\u043b\u0430\u0442\u0438\u043d\u043e\u0432\u0430 \u043b\u0456\u0433\u0430", "action_flag": 1, "change_message": "[{\"added\": {}}]"}}, {"model": "admin.logentry", "pk": 88, "fields": {"action_time": "2018-09-03T00:21:48.525Z", "user": 2, "content_type": 26, "object_id": "7", "object_repr": "\u041c\u0430\u043a\u0441\u0438\u043c | \u041f\u0435\u0440\u0435\u0440\u0432\u0430", "action_flag": 2, "change_message": "[{\"changed\": {\"fields\": [\"first_name\", \"last_name\", \"league\"]}}]"}}, {"model": "admin.logentry", "pk": 89, "fields": {"action_time": "2018-09-03T00:21:57.284Z", "user": 2, "content_type": 26, "object_id": "6", "object_repr": "\u0412\u0430\u0441\u044f | \u041f\u0443\u043f\u043a\u0456\u043d", "action_flag": 2, "change_message": "[{\"changed\": {\"fields\": [\"league\"]}}]"}}, {"model": "admin.logentry", "pk": 90, "fields": {"action_time": "2018-09-03T00:22:07.537Z", "user": 2, "content_type": 26, "object_id": "5", "object_repr": "\u041e\u043a\u0441\u0430\u043d\u0430 | \u0421\u0430\u0432\u0438\u0446\u044c\u043a\u0430", "action_flag": 2, "change_message": "[{\"changed\": {\"fields\": [\"league\"]}}]"}}, {"model": "admin.logentry", "pk": 91, "fields": {"action_time": "2018-09-03T00:30:56.564Z", "user": 2, "content_type": 29, "object_id": "1", "object_repr": "\u042f \u0454 \u0413\u0440\u0443\u0442", "action_flag": 1, "change_message": "[{\"added\": {}}]"}}, {"model": "admin.logentry", "pk": 92, "fields": {"action_time": "2018-09-03T00:31:04.771Z", "user": 2, "content_type": 29, "object_id": "2", "object_repr": "\u041c\u043e\u0439\u0434\u043e\u0434\u0438\u0440", "action_flag": 1, "change_message": "[{\"added\": {}}]"}}, {"model": "admin.logentry", "pk": 93, "fields": {"action_time": "2018-09-03T00:31:17.086Z", "user": 2, "content_type": 29, "object_id": "3", "object_repr": "\u041c\u043e\u043b\u043e\u0442 \u0412\u043e\u043b\u043e\u043d\u0442\u043e\u0440\u0430", "action_flag": 1, "change_message": "[{\"added\": {}}]"}}, {"model": "admin.logentry", "pk": 94, "fields": {"action_time": "2018-09-03T00:31:29.500Z", "user": 2, "content_type": 29, "object_id": "4", "object_repr": "\u0428\u043a\u0430\u0440\u043f\u0435\u0442\u043a\u0430 \u0434\u043b\u044f \u0414\u043e\u0431\u0431\u0456", "action_flag": 1, "change_message": "[{\"added\": {}}]"}}, {"model": "admin.logentry", "pk": 95, "fields": {"action_time": "2018-09-03T00:31:55.287Z", "user": 2, "content_type": 29, "object_id": "5", "object_repr": "\u0424\u0430\u043b\u0430\u0444\u0435\u043b\u044c \u0456\u0437 \u0441\u043c\u0443\u0437\u0456 \u0432 \u043a\u043e\u0432\u043e\u0440\u043a\u0456\u043d\u0433\u0443", "action_flag": 1, "change_message": "[{\"added\": {}}]"}}, {"model": "admin.logentry", "pk": 96, "fields": {"action_time": "2018-09-03T00:32:07.996Z", "user": 2, "content_type": 29, "object_id": "6", "object_repr": "\u0420\u0430\u043a\u0438 \u043d\u0430 \u043c\u0456\u0434\u0456", "action_flag": 1, "change_message": "[{\"added\": {}}]"}}, {"model": "admin.logentry", "pk": 97, "fields": {"action_time": "2018-09-03T00:32:42.304Z", "user": 2, "content_type": 29, "object_id": "7", "object_repr": "\u0412\u0430\u0440\u0442\u043e\u0432\u0438\u0439 \u0413\u0430\u043b\u0430\u043a\u0442\u0438\u043a\u0438", "action_flag": 1, "change_message": "[{\"added\": {}}]"}}, {"model": "admin.logentry", "pk": 98, "fields": {"action_time": "2018-09-03T00:32:59.360Z", "user": 2, "content_type": 29, "object_id": "8", "object_repr": "\u0412 \u043f\u043e\u0448\u0443\u043a\u0430\u0445 \u0437\u043e\u043b\u043e\u0442\u043e\u0433\u043e \u0431\u0430\u0442\u043e\u043d\u0443", "action_flag": 1, "change_message": "[{\"added\": {}}]"}}, {"model": "admin.logentry", "pk": 99, "fields": {"action_time": "2018-09-03T00:33:11.923Z", "user": 2, "content_type": 29, "object_id": "9", "object_repr": "\u0411\u0430\u0442\u044c\u043a\u0430 \u0432 \u0448\u043a\u043e\u043b\u0443", "action_flag": 1, "change_message": "[{\"added\": {}}]"}}, {"model": "admin.logentry", "pk": 100, "fields": {"action_time": "2018-09-03T00:33:26.232Z", "user": 2, "content_type": 29, "object_id": "10", "object_repr": "\u0413\u043e\u0440\u0449\u0438\u043a \u0432\u0430\u0440\u0438", "action_flag": 1, "change_message": "[{\"added\": {}}]"}}, {"model": "admin.logentry", "pk": 101, "fields": {"action_time": "2018-09-03T00:33:46.266Z", "user": 2, "content_type": 29, "object_id": "11", "object_repr": "\u0412\u0430\u0441 \u0437\u0430\u0440\u0430\u0445\u043e\u0432\u0430\u043d\u043e \u0434\u043e \u043f\u043e\u043b\u0456\u0446\u0435\u0439\u0441\u044c\u043a\u043e\u0457 \u0430\u043a\u0430\u0434\u0435\u043c\u0456\u0457", "action_flag": 1, "change_message": "[{\"added\": {}}]"}}, {"model": "admin.logentry", "pk": 102, "fields": {"action_time": "2018-09-03T00:34:05.192Z", "user": 2, "content_type": 29, "object_id": "12", "object_repr": "\u041a\u0440\u0438\u0432\u0430\u0432\u0430 \u041c\u0435\u0440\u0456", "action_flag": 1, "change_message": "[{\"added\": {}}]"}}, {"model": "admin.logentry", "pk": 103, "fields": {"action_time": "2018-09-03T00:34:15.081Z", "user": 2, "content_type": 29, "object_id": "13", "object_repr": "\u0412\u0435\u0447\u0435\u0440\u044f \u0434\u0440\u0430\u043a\u0443\u043b\u0438", "action_flag": 1, "change_message": "[{\"added\": {}}]"}}, {"model": "admin.logentry", "pk": 104, "fields": {"action_time": "2018-09-03T00:34:30.618Z", "user": 2, "content_type": 29, "object_id": "14", "object_repr": "\u041c\u0454\u043b\u043e\u0447\u044c \u0454\u0441\u0442\u044c?", "action_flag": 1, "change_message": "[{\"added\": {}}]"}}, {"model": "admin.logentry", "pk": 105, "fields": {"action_time": "2018-09-03T00:34:49.537Z", "user": 2, "content_type": 29, "object_id": "15", "object_repr": "\u0412\u0435\u043b\u0438\u043a\u0430 \u0425\u043c\u0435\u043b\u044c\u043d\u0438\u0446\u044c\u043a\u0430 \u0421\u0442\u0456\u043d\u0430", "action_flag": 1, "change_message": "[{\"added\": {}}]"}}, {"model": "admin.logentry", "pk": 106, "fields": {"action_time": "2018-09-03T00:34:58.813Z", "user": 2, "content_type": 29, "object_id": "16", "object_repr": "\u041c\u0430\u0432\u043a\u0430 \u0432 \u043c\u0456\u0441\u0442\u0456", "action_flag": 1, "change_message": "[{\"added\": {}}]"}}, {"model": "admin.logentry", "pk": 107, "fields": {"action_time": "2018-09-03T00:35:09.578Z", "user": 2, "content_type": 29, "object_id": "17", "object_repr": "\u0414\u043e\u043a\u0442\u043e\u0440 \u0410\u0439\u0431\u043e\u043b\u0456\u0442", "action_flag": 1, "change_message": "[{\"added\": {}}]"}}, {"model": "admin.logentry", "pk": 108, "fields": {"action_time": "2018-09-03T00:35:32.252Z", "user": 2, "content_type": 29, "object_id": "18", "object_repr": "Purge the Unclean!", "action_flag": 1, "change_message": "[{\"added\": {}}]"}}, {"model": "admin.logentry", "pk": 109, "fields": {"action_time": "2018-09-03T00:35:50.769Z", "user": 2, "content_type": 29, "object_id": "19", "object_repr": "\u0414\u0435\u043a\u0441\u0442\u0435\u0440 \u041c\u043e\u0440\u0433\u0430\u043d", "action_flag": 1, "change_message": "[{\"added\": {}}]"}}, {"model": "admin.logentry", "pk": 110, "fields": {"action_time": "2018-09-03T00:36:10.085Z", "user": 2, "content_type": 29, "object_id": "20", "object_repr": "\u0413\u043e\u043b\u043e\u0432\u0443 \u0432\u0434\u043e\u043c\u0430 \u0437\u0430\u0431\u0443\u0432?", "action_flag": 1, "change_message": "[{\"added\": {}}]"}}, {"model": "admin.logentry", "pk": 111, "fields": {"action_time": "2018-09-03T00:36:22.845Z", "user": 2, "content_type": 29, "object_id": "21", "object_repr": "\u041c\u0456\u0441 \u041f\u043e\u043c\u0444\u0440\u0456", "action_flag": 1, "change_message": "[{\"added\": {}}]"}}, {"model": "admin.logentry", "pk": 112, "fields": {"action_time": "2018-09-03T00:36:32.574Z", "user": 2, "content_type": 29, "object_id": "22", "object_repr": "\u042f \u043d\u0430 \u0441\u0430\u043f\u043e\u0440\u0442\u0456", "action_flag": 1, "change_message": "[{\"added\": {}}]"}}, {"model": "admin.logentry", "pk": 113, "fields": {"action_time": "2018-09-03T00:37:00.445Z", "user": 2, "content_type": 29, "object_id": "23", "object_repr": "\u0427\u0456\u043f \u0456 \u0434\u0435\u0439\u043b \u0441\u043f\u0456\u0448\u0430\u0442\u044c \u043d\u0430 \u0434\u043e\u043f\u043e\u043c\u043e\u0433\u0443", "action_flag": 1, "change_message": "[{\"added\": {}}]"}}, {"model": "admin.logentry", "pk": 114, "fields": {"action_time": "2018-09-03T00:37:10.282Z", "user": 2, "content_type": 29, "object_id": "24", "object_repr": "\u0417\u0430 \u0456\u043c\u043f\u0435\u0440\u0430\u0442\u043e\u0440\u0430!", "action_flag": 1, "change_message": "[{\"added\": {}}]"}}, {"model": "admin.logentry", "pk": 115, "fields": {"action_time": "2018-09-03T00:37:43.306Z", "user": 2, "content_type": 29, "object_id": "25", "object_repr": "\u041a\u0438\u0439, \u0429\u0435\u043a, \u0425\u043e\u0440\u0438\u0432 \u0456 \u041b\u0438\u0431\u0456\u0434\u044c", "action_flag": 1, "change_message": "[{\"added\": {}}]"}}, {"model": "admin.logentry", "pk": 116, "fields": {"action_time": "2018-09-03T00:37:58.322Z", "user": 2, "content_type": 29, "object_id": "26", "object_repr": "\u042f - \u0432\u0430\u0440\u0442\u043e\u0432\u0438\u0439 \u043d\u0430 \u0441\u0442\u0456\u043d\u0456!", "action_flag": 1, "change_message": "[{\"added\": {}}]"}}, {"model": "admin.logentry", "pk": 117, "fields": {"action_time": "2018-09-03T00:38:10.470Z", "user": 2, "content_type": 29, "object_id": "27", "object_repr": "30 \u0441\u0440\u0456\u0431\u043d\u044f\u043a\u0456\u0432", "action_flag": 1, "change_message": "[{\"added\": {}}]"}}, {"model": "admin.logentry", "pk": 118, "fields": {"action_time": "2018-09-03T00:38:27.440Z", "user": 2, "content_type": 29, "object_id": "28", "object_repr": "\u041f\u043e\u0434\u0432\u0456\u0439\u043d\u0430 \u0448\u0430\u0443\u0440\u043c\u0430", "action_flag": 1, "change_message": "[{\"added\": {}}]"}}, {"model": "admin.logentry", "pk": 119, "fields": {"action_time": "2018-09-03T00:38:40.634Z", "user": 2, "content_type": 29, "object_id": "29", "object_repr": "\u0422\u0456\u0442\u043e\u043d\u044c\u043a\u0430 \u0421\u043e\u0432\u0430", "action_flag": 1, "change_message": "[{\"added\": {}}]"}}, {"model": "admin.logentry", "pk": 120, "fields": {"action_time": "2018-09-03T00:38:49.960Z", "user": 2, "content_type": 29, "object_id": "30", "object_repr": "\u0420\u043e\u0431\u0456\u043d \u0413\u0443\u0434", "action_flag": 1, "change_message": "[{\"added\": {}}]"}}, {"model": "admin.logentry", "pk": 121, "fields": {"action_time": "2018-09-03T00:39:06.859Z", "user": 2, "content_type": 29, "object_id": "31", "object_repr": "\u041f\u043e\u0442\u0440\u0456\u0431\u043d\u043e \u0431\u0456\u043b\u044c\u0448\u0435 \u0437\u043e\u043b\u043e\u0442\u0430!", "action_flag": 1, "change_message": "[{\"added\": {}}]"}}, {"model": "admin.logentry", "pk": 122, "fields": {"action_time": "2018-09-03T00:39:35.903Z", "user": 2, "content_type": 29, "object_id": "32", "object_repr": "\u0417 \u043c\u0456\u0441\u0442\u0435\u0440 \u041f\u0440\u043e\u043f\u0435\u0440 \u0432\u0435\u0441\u0435\u043b\u0456\u0448\u0435, \u043f\u0440\u0438\u0431\u0438\u0440\u0430\u0442\u0438 \u0432\u0434\u0432\u0456\u0447\u0456 \u0448\u0432\u0438\u0434\u0448\u0435", "action_flag": 1, "change_message": "[{\"added\": {}}]"}}, {"model": "admin.logentry", "pk": 123, "fields": {"action_time": "2018-09-03T00:39:51.444Z", "user": 2, "content_type": 29, "object_id": "33", "object_repr": "\u0421\u0438\u0440\u043e\u0432\u0430\u0442\u043a\u0430 \u043f\u0440\u0430\u0432\u0434\u0438", "action_flag": 1, "change_message": "[{\"added\": {}}]"}}, {"model": "admin.logentry", "pk": 124, "fields": {"action_time": "2018-09-03T00:40:02.667Z", "user": 2, "content_type": 29, "object_id": "34", "object_repr": "\u0417\u043e\u0440\u044f\u043d\u0438\u0439 \u043f\u0430\u0442\u0440\u0443\u043b\u044c", "action_flag": 1, "change_message": "[{\"added\": {}}]"}}, {"model": "admin.logentry", "pk": 125, "fields": {"action_time": "2018-09-03T00:40:15.168Z", "user": 2, "content_type": 29, "object_id": "35", "object_repr": "\u0412\u0441\u0456\u043c \u0432\u0438\u0439\u0442\u0438 \u0437 \u0441\u0443\u0442\u0456\u043d\u043a\u0456\u0432!", "action_flag": 1, "change_message": "[{\"added\": {}}]"}}, {"model": "admin.logentry", "pk": 126, "fields": {"action_time": "2018-09-03T00:40:26.012Z", "user": 2, "content_type": 29, "object_id": "36", "object_repr": "\u0415\u0439\u0441 \u0412\u0435\u043d\u0442\u0443\u0440\u0430", "action_flag": 1, "change_message": "[{\"added\": {}}]"}}, {"model": "admin.logentry", "pk": 127, "fields": {"action_time": "2018-09-03T00:40:43.162Z", "user": 2, "content_type": 29, "object_id": "37", "object_repr": "\u042f\u043a \u0442\u043e\u0431\u0456 \u0442\u0430\u043a\u0435 \u0406\u043b\u043e\u043d \u041c\u0430\u0441\u043a?", "action_flag": 1, "change_message": "[{\"added\": {}}]"}}, {"model": "admin.logentry", "pk": 128, "fields": {"action_time": "2018-09-03T00:41:01.301Z", "user": 2, "content_type": 29, "object_id": "38", "object_repr": "\u0428\u043a\u0430\u0440\u043f\u0435\u0442\u043a\u0430 \u0434\u043b\u044f \u0414\u043e\u0431\u0431\u0456", "action_flag": 1, "change_message": "[{\"added\": {}}]"}}, {"model": "admin.logentry", "pk": 129, "fields": {"action_time": "2018-09-03T00:41:21.621Z", "user": 2, "content_type": 29, "object_id": "39", "object_repr": "\u0423\u043b\u044e\u0431\u043b\u0435\u043d\u0435\u0446\u044c \u0413\u0430\u043d\u0456\u0431\u0430\u043b\u0430 \u041b\u0435\u043a\u0442\u043e\u0440\u0430", "action_flag": 1, "change_message": "[{\"added\": {}}]"}}, {"model": "admin.logentry", "pk": 130, "fields": {"action_time": "2018-09-03T00:41:34.835Z", "user": 2, "content_type": 29, "object_id": "40", "object_repr": "\u0412\u0430\u0432\u0438\u043b\u043e\u043d\u0441\u044c\u043a\u0430 \u0432\u0435\u0436\u0430", "action_flag": 1, "change_message": "[{\"added\": {}}]"}}, {"model": "admin.logentry", "pk": 131, "fields": {"action_time": "2018-09-03T00:41:47.922Z", "user": 2, "content_type": 29, "object_id": "41", "object_repr": "\u041c\u0456\u0441\u044c\u043a\u0438\u0439 \u0435\u043b\u044c\u0444", "action_flag": 1, "change_message": "[{\"added\": {}}]"}}, {"model": "admin.logentry", "pk": 132, "fields": {"action_time": "2018-09-03T00:42:26.564Z", "user": 2, "content_type": 29, "object_id": "42", "object_repr": "\u042f \u0431\u0456\u043b\u044c\u0448\u0435 \u043d\u0435 \u0431\u0443\u0434\u0443 \u0431\u0440\u0435\u0445\u0430\u0442\u0438!", "action_flag": 1, "change_message": "[{\"added\": {}}]"}}, {"model": "admin.logentry", "pk": 133, "fields": {"action_time": "2018-09-03T00:42:31.486Z", "user": 2, "content_type": 29, "object_id": "43", "object_repr": "\u0417\u0432\u0456\u0440\u0456 \u0425\u043c\u0435\u043b\u044c\u043d\u0438\u0446\u044c\u043a\u043e\u0433\u043e \u0456 \u0434\u0435 \u0457\u0445 \u0448\u0443\u043a\u0430\u0442\u0438", "action_flag": 1, "change_message": "[{\"added\": {}}]"}}, {"model": "admin.logentry", "pk": 134, "fields": {"action_time": "2018-09-03T00:42:46.327Z", "user": 2, "content_type": 29, "object_id": "44", "object_repr": "\u0426\u044c\u043e\u043c\u0443 \u043c\u0456\u0441\u0442\u0443 \u043f\u043e\u0442\u0440\u0456\u0431\u0435\u043d \u0433\u0435\u0440\u043e\u0439", "action_flag": 1, "change_message": "[{\"added\": {}}]"}}, {"model": "admin.logentry", "pk": 135, "fields": {"action_time": "2018-09-03T00:43:06.970Z", "user": 2, "content_type": 29, "object_id": "45", "object_repr": "\u0429\u0435 \u043e\u0434\u0438\u043d \u0437 \u0441\u0456\u043c'\u0457 \u0423\u0435\u0439\u043d\u0456\u0432", "action_flag": 1, "change_message": "[{\"added\": {}}]"}}, {"model": "admin.logentry", "pk": 136, "fields": {"action_time": "2018-09-03T00:43:18.204Z", "user": 2, "content_type": 29, "object_id": "46", "object_repr": "\u0411\u0440\u0430\u043d \u0411\u0443\u0434\u0456\u0432\u043d\u0438\u043a", "action_flag": 1, "change_message": "[{\"added\": {}}]"}}, {"model": "admin.logentry", "pk": 137, "fields": {"action_time": "2018-09-03T00:43:32.775Z", "user": 2, "content_type": 29, "object_id": "47", "object_repr": "\u0410\u0432\u0434\u0456\u0454\u0432\u0456 \u0441\u0442\u0430\u0439\u043d\u0456", "action_flag": 1, "change_message": "[{\"added\": {}}]"}}, {"model": "admin.logentry", "pk": 138, "fields": {"action_time": "2018-09-03T00:43:47.770Z", "user": 2, "content_type": 29, "object_id": "48", "object_repr": "\u042f\u0437\u0438\u043a \u0415\u0439\u043d\u0448\u0442\u0435\u0439\u043d\u0430", "action_flag": 1, "change_message": "[{\"added\": {}}]"}}, {"model": "admin.logentry", "pk": 139, "fields": {"action_time": "2018-09-03T00:44:47.665Z", "user": 2, "content_type": 30, "object_id": "1", "object_repr": "AchievementValue object (1)", "action_flag": 1, "change_message": "[{\"added\": {}}]"}}, {"model": "admin.logentry", "pk": 140, "fields": {"action_time": "2018-09-03T00:44:57.567Z", "user": 2, "content_type": 30, "object_id": "2", "object_repr": "AchievementValue object (2)", "action_flag": 1, "change_message": "[{\"added\": {}}]"}}, {"model": "admin.logentry", "pk": 141, "fields": {"action_time": "2018-09-03T00:45:08.685Z", "user": 2, "content_type": 30, "object_id": "3", "object_repr": "AchievementValue object (3)", "action_flag": 1, "change_message": "[{\"added\": {}}]"}}, {"model": "admin.logentry", "pk": 142, "fields": {"action_time": "2018-09-03T00:45:25.551Z", "user": 2, "content_type": 30, "object_id": "4", "object_repr": "AchievementValue object (4)", "action_flag": 1, "change_message": "[{\"added\": {}}]"}}, {"model": "admin.logentry", "pk": 143, "fields": {"action_time": "2018-09-03T00:45:40.953Z", "user": 2, "content_type": 30, "object_id": "5", "object_repr": "AchievementValue object (5)", "action_flag": 1, "change_message": "[{\"added\": {}}]"}}, {"model": "admin.logentry", "pk": 144, "fields": {"action_time": "2018-09-03T00:46:03.315Z", "user": 2, "content_type": 30, "object_id": "6", "object_repr": "AchievementValue object (6)", "action_flag": 1, "change_message": "[{\"added\": {}}]"}}, {"model": "admin.logentry", "pk": 145, "fields": {"action_time": "2018-09-03T00:46:27.243Z", "user": 2, "content_type": 30, "object_id": "7", "object_repr": "AchievementValue object (7)", "action_flag": 1, "change_message": "[{\"added\": {}}]"}}, {"model": "admin.logentry", "pk": 146, "fields": {"action_time": "2018-09-03T00:46:40.457Z", "user": 2, "content_type": 30, "object_id": "8", "object_repr": "AchievementValue object (8)", "action_flag": 1, "change_message": "[{\"added\": {}}]"}}, {"model": "admin.logentry", "pk": 147, "fields": {"action_time": "2018-09-03T00:47:06.525Z", "user": 2, "content_type": 30, "object_id": "9", "object_repr": "AchievementValue object (9)", "action_flag": 1, "change_message": "[{\"added\": {}}]"}}, {"model": "admin.logentry", "pk": 148, "fields": {"action_time": "2018-09-03T00:47:22.432Z", "user": 2, "content_type": 30, "object_id": "10", "object_repr": "AchievementValue object (10)", "action_flag": 1, "change_message": "[{\"added\": {}}]"}}, {"model": "admin.logentry", "pk": 149, "fields": {"action_time": "2018-09-03T00:47:40.505Z", "user": 2, "content_type": 30, "object_id": "11", "object_repr": "AchievementValue object (11)", "action_flag": 1, "change_message": "[{\"added\": {}}]"}}, {"model": "admin.logentry", "pk": 150, "fields": {"action_time": "2018-09-03T00:47:50.361Z", "user": 2, "content_type": 30, "object_id": "12", "object_repr": "AchievementValue object (12)", "action_flag": 1, "change_message": "[{\"added\": {}}]"}}, {"model": "admin.logentry", "pk": 151, "fields": {"action_time": "2018-09-03T00:48:07.086Z", "user": 2, "content_type": 30, "object_id": "13", "object_repr": "AchievementValue object (13)", "action_flag": 1, "change_message": "[{\"added\": {}}]"}}, {"model": "admin.logentry", "pk": 152, "fields": {"action_time": "2018-09-03T00:48:26.356Z", "user": 2, "content_type": 30, "object_id": "14", "object_repr": "AchievementValue object (14)", "action_flag": 1, "change_message": "[{\"added\": {}}]"}}, {"model": "admin.logentry", "pk": 153, "fields": {"action_time": "2018-09-03T00:48:41.308Z", "user": 2, "content_type": 30, "object_id": "15", "object_repr": "AchievementValue object (15)", "action_flag": 1, "change_message": "[{\"added\": {}}]"}}, {"model": "admin.logentry", "pk": 154, "fields": {"action_time": "2018-09-03T00:48:51.570Z", "user": 2, "content_type": 30, "object_id": "16", "object_repr": "AchievementValue object (16)", "action_flag": 1, "change_message": "[{\"added\": {}}]"}}, {"model": "admin.logentry", "pk": 155, "fields": {"action_time": "2018-09-03T00:49:05.510Z", "user": 2, "content_type": 30, "object_id": "17", "object_repr": "AchievementValue object (17)", "action_flag": 1, "change_message": "[{\"added\": {}}]"}}, {"model": "admin.logentry", "pk": 156, "fields": {"action_time": "2018-09-03T00:49:27.005Z", "user": 2, "content_type": 30, "object_id": "18", "object_repr": "AchievementValue object (18)", "action_flag": 1, "change_message": "[{\"added\": {}}]"}}, {"model": "admin.logentry", "pk": 157, "fields": {"action_time": "2018-09-03T00:49:48.490Z", "user": 2, "content_type": 30, "object_id": "19", "object_repr": "AchievementValue object (19)", "action_flag": 1, "change_message": "[{\"added\": {}}]"}}, {"model": "admin.logentry", "pk": 158, "fields": {"action_time": "2018-09-03T00:50:04.472Z", "user": 2, "content_type": 30, "object_id": "20", "object_repr": "AchievementValue object (20)", "action_flag": 1, "change_message": "[{\"added\": {}}]"}}, {"model": "admin.logentry", "pk": 159, "fields": {"action_time": "2018-09-03T00:50:19.388Z", "user": 2, "content_type": 30, "object_id": "21", "object_repr": "AchievementValue object (21)", "action_flag": 1, "change_message": "[{\"added\": {}}]"}}, {"model": "admin.logentry", "pk": 160, "fields": {"action_time": "2018-09-03T00:50:30.473Z", "user": 2, "content_type": 30, "object_id": "22", "object_repr": "AchievementValue object (22)", "action_flag": 1, "change_message": "[{\"added\": {}}]"}}, {"model": "admin.logentry", "pk": 161, "fields": {"action_time": "2018-09-03T00:50:48.021Z", "user": 2, "content_type": 30, "object_id": "23", "object_repr": "AchievementValue object (23)", "action_flag": 1, "change_message": "[{\"added\": {}}]"}}, {"model": "admin.logentry", "pk": 162, "fields": {"action_time": "2018-09-03T00:50:59.584Z", "user": 2, "content_type": 30, "object_id": "24", "object_repr": "AchievementValue object (24)", "action_flag": 1, "change_message": "[{\"added\": {}}]"}}, {"model": "admin.logentry", "pk": 163, "fields": {"action_time": "2018-09-03T00:51:38.371Z", "user": 2, "content_type": 30, "object_id": "25", "object_repr": "AchievementValue object (25)", "action_flag": 1, "change_message": "[{\"added\": {}}]"}}, {"model": "admin.logentry", "pk": 164, "fields": {"action_time": "2018-09-03T00:51:53.990Z", "user": 2, "content_type": 30, "object_id": "26", "object_repr": "AchievementValue object (26)", "action_flag": 1, "change_message": "[{\"added\": {}}]"}}, {"model": "admin.logentry", "pk": 165, "fields": {"action_time": "2018-09-03T00:52:07.137Z", "user": 2, "content_type": 30, "object_id": "27", "object_repr": "AchievementValue object (27)", "action_flag": 1, "change_message": "[{\"added\": {}}]"}}, {"model": "admin.logentry", "pk": 166, "fields": {"action_time": "2018-09-03T00:52:23.255Z", "user": 2, "content_type": 30, "object_id": "28", "object_repr": "AchievementValue object (28)", "action_flag": 1, "change_message": "[{\"added\": {}}]"}}, {"model": "admin.logentry", "pk": 167, "fields": {"action_time": "2018-09-03T00:52:41.039Z", "user": 2, "content_type": 30, "object_id": "29", "object_repr": "AchievementValue object (29)", "action_flag": 1, "change_message": "[{\"added\": {}}]"}}, {"model": "admin.logentry", "pk": 168, "fields": {"action_time": "2018-09-03T00:52:59.453Z", "user": 2, "content_type": 30, "object_id": "30", "object_repr": "AchievementValue object (30)", "action_flag": 1, "change_message": "[{\"added\": {}}]"}}, {"model": "admin.logentry", "pk": 169, "fields": {"action_time": "2018-09-03T00:53:19.087Z", "user": 2, "content_type": 30, "object_id": "31", "object_repr": "AchievementValue object (31)", "action_flag": 1, "change_message": "[{\"added\": {}}]"}}, {"model": "admin.logentry", "pk": 170, "fields": {"action_time": "2018-09-03T00:53:40.401Z", "user": 2, "content_type": 30, "object_id": "32", "object_repr": "AchievementValue object (32)", "action_flag": 1, "change_message": "[{\"added\": {}}]"}}, {"model": "admin.logentry", "pk": 171, "fields": {"action_time": "2018-09-03T00:53:53.764Z", "user": 2, "content_type": 30, "object_id": "33", "object_repr": "AchievementValue object (33)", "action_flag": 1, "change_message": "[{\"added\": {}}]"}}, {"model": "admin.logentry", "pk": 172, "fields": {"action_time": "2018-09-03T00:54:14.504Z", "user": 2, "content_type": 30, "object_id": "34", "object_repr": "AchievementValue object (34)", "action_flag": 1, "change_message": "[{\"added\": {}}]"}}, {"model": "admin.logentry", "pk": 173, "fields": {"action_time": "2018-09-03T00:54:28.307Z", "user": 2, "content_type": 30, "object_id": "35", "object_repr": "AchievementValue object (35)", "action_flag": 1, "change_message": "[{\"added\": {}}]"}}, {"model": "admin.logentry", "pk": 174, "fields": {"action_time": "2018-09-03T00:54:46.444Z", "user": 2, "content_type": 30, "object_id": "36", "object_repr": "AchievementValue object (36)", "action_flag": 1, "change_message": "[{\"added\": {}}]"}}, {"model": "admin.logentry", "pk": 175, "fields": {"action_time": "2018-09-03T00:54:58.936Z", "user": 2, "content_type": 30, "object_id": "37", "object_repr": "AchievementValue object (37)", "action_flag": 1, "change_message": "[{\"added\": {}}]"}}, {"model": "admin.logentry", "pk": 176, "fields": {"action_time": "2018-09-03T00:55:13.902Z", "user": 2, "content_type": 30, "object_id": "38", "object_repr": "AchievementValue object (38)", "action_flag": 1, "change_message": "[{\"added\": {}}]"}}, {"model": "admin.logentry", "pk": 177, "fields": {"action_time": "2018-09-03T00:55:56.671Z", "user": 2, "content_type": 30, "object_id": "39", "object_repr": "AchievementValue object (39)", "action_flag": 1, "change_message": "[{\"added\": {}}]"}}, {"model": "admin.logentry", "pk": 178, "fields": {"action_time": "2018-09-03T00:56:13.084Z", "user": 2, "content_type": 30, "object_id": "40", "object_repr": "AchievementValue object (40)", "action_flag": 1, "change_message": "[{\"added\": {}}]"}}, {"model": "admin.logentry", "pk": 179, "fields": {"action_time": "2018-09-03T00:56:27.560Z", "user": 2, "content_type": 30, "object_id": "41", "object_repr": "AchievementValue object (41)", "action_flag": 1, "change_message": "[{\"added\": {}}]"}}, {"model": "admin.logentry", "pk": 180, "fields": {"action_time": "2018-09-03T00:56:45.104Z", "user": 2, "content_type": 30, "object_id": "42", "object_repr": "AchievementValue object (42)", "action_flag": 1, "change_message": "[{\"added\": {}}]"}}, {"model": "admin.logentry", "pk": 181, "fields": {"action_time": "2018-09-03T00:57:05.798Z", "user": 2, "content_type": 30, "object_id": "43", "object_repr": "AchievementValue object (43)", "action_flag": 1, "change_message": "[{\"added\": {}}]"}}, {"model": "admin.logentry", "pk": 182, "fields": {"action_time": "2018-09-03T00:57:18.325Z", "user": 2, "content_type": 30, "object_id": "44", "object_repr": "AchievementValue object (44)", "action_flag": 1, "change_message": "[{\"added\": {}}]"}}, {"model": "admin.logentry", "pk": 183, "fields": {"action_time": "2018-09-03T00:57:40.436Z", "user": 2, "content_type": 30, "object_id": "45", "object_repr": "AchievementValue object (45)", "action_flag": 1, "change_message": "[{\"added\": {}}]"}}, {"model": "admin.logentry", "pk": 184, "fields": {"action_time": "2018-09-03T00:57:51.321Z", "user": 2, "content_type": 30, "object_id": "46", "object_repr": "AchievementValue object (46)", "action_flag": 1, "change_message": "[{\"added\": {}}]"}}, {"model": "admin.logentry", "pk": 185, "fields": {"action_time": "2018-09-03T00:58:06.470Z", "user": 2, "content_type": 30, "object_id": "47", "object_repr": "AchievementValue object (47)", "action_flag": 1, "change_message": "[{\"added\": {}}]"}}, {"model": "admin.logentry", "pk": 186, "fields": {"action_time": "2018-09-03T00:58:18.460Z", "user": 2, "content_type": 30, "object_id": "48", "object_repr": "AchievementValue object (48)", "action_flag": 1, "change_message": "[{\"added\": {}}]"}}, {"model": "admin.logentry", "pk": 187, "fields": {"action_time": "2018-09-03T00:58:33.856Z", "user": 2, "content_type": 30, "object_id": "49", "object_repr": "AchievementValue object (49)", "action_flag": 1, "change_message": "[{\"added\": {}}]"}}, {"model": "admin.logentry", "pk": 188, "fields": {"action_time": "2018-09-03T00:58:47.579Z", "user": 2, "content_type": 30, "object_id": "50", "object_repr": "AchievementValue object (50)", "action_flag": 1, "change_message": "[{\"added\": {}}]"}}, {"model": "admin.logentry", "pk": 189, "fields": {"action_time": "2018-09-03T00:59:01.177Z", "user": 2, "content_type": 30, "object_id": "51", "object_repr": "AchievementValue object (51)", "action_flag": 1, "change_message": "[{\"added\": {}}]"}}, {"model": "admin.logentry", "pk": 190, "fields": {"action_time": "2018-09-03T00:59:11.709Z", "user": 2, "content_type": 30, "object_id": "52", "object_repr": "AchievementValue object (52)", "action_flag": 1, "change_message": "[{\"added\": {}}]"}}]